PPMXL,RAJ2000[deg],DEJ2000[deg],pmRA[mas/yr],pmDE[mas/yr],e_pmRA[mas/yr],e_pmDE[mas/yr],Jmag[mag],e_Jmag[mag],Kmag[mag],e_Kmag[mag]
411706000000000000,50.725019,48.193952,4.5,5.2,5.8,5.8,16.803,0.188,15.076,0.126
413134000000000000,53.250132,50.085336,-3.7,-4.7,4.4,4.4,15.751,0.068,15.125,0.125
409189000000000000,48.548808,51.154465,17.2,-3.5,4.1,4.1,15.474,0.069,14.616,0.095
410434000000000000,47.356095,49.312794,8.3,27.7,7.8,7.8,      ,      ,      ,
509246000000000000,53.690956,50.270437,0.7,-4.6,8.1,8.1,      ,      ,      ,
413469000000000000,52.843569,48.260027,-0.5,-1.7,6.6,6.6,16.485,0.123,15.877,0.218
411604000000000000,50.490538,47.35388,-3.3,-5.9,4.0,4.0,13.123,0.026,12.568,0.024
509201000000000000,53.261957,50.519399,1.4,-4.1,4.5,4.5,15.939,0.076,15.198,0.126
413947000000000000,53.740967,49.54819,-5.4,0.0,5.9,5.9,      ,      ,      ,
414132000000000000,54.518958,47.878553,-9.6,-6.9,5.9,5.9,      ,      ,      ,
410252000000000000,47.303638,48.179881,-3.7,-6.8,5.5,5.5,      ,      ,      ,
412361000000000000,50.958007,49.812371,5.8,-7.1,6.0,6.0,16.487,0.151,15.258,
413549000000000000,52.968386,47.6555,-7.0,7.3,5.9,5.9,      ,      ,      ,
409090000000000000,47.896476,50.437859,0.3,4.7,4.1,4.1,15.721,0.066,14.813,0.086
414050000000000000,55.161023,48.799988,-21.7,1.0,4.2,4.2,15.517,0.058,14.804,0.121
409785000000000000,50.538365,51.244364,-9.7,-4.0,4.0,4.0,15.248,0.054,14.551,0.087
412399000000000000,49.992694,49.379058,-15.9,-13.2,4.2,4.2,15.188,0.05,14.569,0.092
509441000000000000,55.015541,50.323161,-2.5,-6.1,4.1,4.1,15.196,0.045,14.327,0.065
411234000000000000,50.306909,47.087325,-7.9,-3.5,4.2,4.2,15.815,0.084,14.982,
409639000000000000,49.593286,50.712554,-254.7,222.1,7.6,7.6,      ,      ,      ,
509192000000000000,52.947259,50.47477,-2.5,-4.2,4.0,4.0,13.443,0.026,12.71,0.024
410359000000000000,48.44225,47.925759,-1.4,3.0,4.0,4.0,14.007,0.02,13.568,0.027
409503000000000000,48.993304,52.107171,1.2,-0.2,8.1,8.1,      ,      ,      ,
412127000000000000,48.828632,50.19137,39.2,-34.9,6.0,6.0,16.543,0.15,15.4,0.173
508942000000000000,51.883621,51.456519,-2.8,-1.1,5.0,5.0,16.524,0.15,15.649,0.211
409342000000000000,47.815644,51.815361,-0.4,-12.6,7.1,7.1,      ,      ,      ,
412866000000000000,51.670118,50.630402,2.6,-5.8,4.0,4.0,14.768,0.034,14.116,0.05
413582000000000000,53.240602,46.965034,3.4,-1.9,4.5,4.5,16.064,0.103,15.201,0.162
409756000000000000,50.522778,51.815987,0.5,2.2,4.4,4.4,15.834,0.074,15.174,0.126
410416000000000000,47.254761,48.961653,-0.6,0.4,4.1,4.1,15.019,0.037,14.558,0.061
413976000000000000,54.383594,49.171259,-7.0,-0.5,7.4,7.4,      ,      ,      ,
414216000000000000,55.032412,48.220487,-1.6,-2.9,5.1,5.1,16.167,0.115,15.76,0.252
509825000000000000,55.322391,50.640565,-3.3,-5.0,8.1,8.1,      ,      ,      ,
410793000000000000,49.464861,48.212416,-4.7,0.5,5.5,5.5,      ,      ,      ,
509488000000000000,53.614928,51.765765,-3.4,5.9,4.9,4.9,16.364,0.109,15.573,0.184
509138000000000000,53.459728,50.957154,-1.1,-6.3,4.0,4.0,12.108,0.027,10.956,0.018
506398000000000000,52.511005,52.506485,-6.4,-6.8,5.7,5.7,      ,      ,      ,
506460000000000000,53.075536,52.451906,-29.5,24.8,7.8,7.8,      ,      ,      ,
412209000000000000,49.777489,49.461002,3.3,-4.1,7.4,7.4,      ,      ,      ,
510089000000000000,54.959859,49.566203,-4.4,0.0,4.0,4.0,14.014,0.029,13.403,0.035
412283000000000000,49.967416,50.262848,-0.3,-3.2,4.1,4.1,13.995,0.025,13.618,0.044
412864000000000000,51.574334,50.596499,2.6,-2.9,5.2,5.2,7.1,0.021,5.503,0.016
409711000000000000,49.819419,51.429727,-5.2,-9.3,5.9,5.9,      ,      ,      ,
506388000000000000,52.325874,52.787999,1.0,2.8,4.8,4.8,16.239,0.114,15.478,0.165
510168000000000000,55.80149,49.182658,1.8,-9.5,7.8,7.8,      ,      ,      ,
509212000000000000,53.357736,50.063738,-2.9,-3.8,5.9,5.9,      ,      ,      ,
413096000000000000,52.624125,49.93471,0.9,0.1,4.8,4.8,16.214,0.104,15.493,0.182
410169000000000000,47.416911,47.770244,-12.3,7.4,4.3,4.3,15.911,0.084,15.061,0.126
412710000000000000,50.943323,50.499077,4.4,3.7,8.1,8.1,      ,      ,      ,
413523000000000000,52.489576,47.745789,-13.4,-6.4,7.4,7.4,      ,      ,      ,
509705000000000000,55.385734,51.502806,26.3,-93.8,7.8,7.8,      ,      ,      ,
410888000000000000,49.565927,48.371334,-9.7,-4.4,7.2,7.5,      ,      ,      ,
509160000000000000,53.729137,51.308411,20.0,-3.5,4.6,4.6,16.651,0.145,15.27,
509414000000000000,54.737828,50.270888,-5.8,-8.0,4.0,4.0,14.271,0.029,13.793,0.05
412529000000000000,50.843622,49.336088,-3.1,-2.4,4.2,4.2,15.046,0.042,14.415,0.075
411133000000000000,49.073191,47.566264,2.0,14.8,6.9,6.9,      ,      ,      ,
413299000000000000,51.938699,47.672457,6.7,-0.8,6.0,6.0,16.24,0.099,15.277,0.161
509097000000000000,53.233335,51.757883,-20.9,-8.2,8.1,8.1,      ,      ,      ,
409469000000000000,48.710354,52.756496,6.3,0.7,7.2,7.2,      ,      ,      ,
409294000000000000,47.467703,52.216295,1.0,-0.3,4.2,4.2,14.738,0.032,14.304,0.071
410772000000000000,49.271415,48.008723,440.2,-329.3,8.1,8.1,      ,      ,      ,
409807000000000000,50.753449,51.569913,-44.9,-142.7,5.7,5.7,15.844,0.087,15.035,0.132
509081000000000000,53.179213,51.447782,0.2,2.3,5.3,5.3,16.573,0.121,16.127,
509095000000000000,53.167401,51.931612,94.9,-98.3,7.4,7.4,      ,      ,      ,
407491000000000000,46.747993,50.326035,0.7,1.9,6.9,6.9,      ,      ,      ,
410229000000000000,47.917079,47.591641,-5.6,-14.3,4.7,5.3,16.724,0.151,15.506,
410749000000000000,48.855303,48.048413,-1.3,-49.2,9.3,9.3,      ,      ,      ,
410518000000000000,48.251539,48.837257,-9.5,3.6,5.5,5.5,      ,      ,      ,
409323000000000000,47.840125,52.051206,1.5,-4.1,4.1,4.1,13.328,0.025,12.715,0.026
408993000000000000,46.918176,50.819038,-0.1,-2.7,4.1,4.1,15.629,0.054,14.793,0.09
411096000000000000,48.579774,47.400783,1.3,1.7,6.9,6.9,      ,      ,      ,
411939000000000000,51.248264,47.285394,-6.2,-4.9,4.7,4.7,15.729,0.072,15.402,
410907000000000000,49.959896,48.093133,-2.5,-9.7,4.1,4.1,14.256,0.031,13.671,0.046
411982000000000000,51.978025,47.389068,0.9,-6.0,4.2,4.2,15.428,0.06,14.901,0.098
412145000000000000,49.258239,49.986536,-5.4,0.7,7.2,7.2,      ,      ,      ,
411228000000000000,50.06332,47.158719,-8.7,5.2,7.2,7.2,      ,      ,      ,
509144000000000000,53.74912,50.897421,12.3,-13.9,5.9,5.9,      ,      ,      ,
413095000000000000,52.702155,50.028262,7.0,3.2,7.8,7.8,      ,      ,      ,
410445000000000000,47.355643,49.176776,-5.1,0.6,4.6,4.6,16.014,      ,15.373,0.137
407544000000000000,47.139039,50.12004,6.1,1.3,6.4,6.4,17.156,0.214,16.096,0.288
509424000000000000,54.925689,50.092459,-7.7,-8.1,4.9,4.9,16.201,0.101,15.526,0.209
413324000000000000,52.121317,48.146119,3.4,-10.9,4.0,4.0,14.177,0.033,13.596,0.043
413613000000000000,53.452509,47.135848,8.1,-6.8,4.7,4.7,15.892,0.09,15.335,0.184
412572000000000000,50.911079,49.115608,-4.5,-0.2,5.9,5.9,      ,      ,      ,
408970000000000000,47.634977,51.368459,-1.1,-12.7,6.3,6.3,16.578,0.132,15.917,0.228
410765000000000000,49.123768,47.787627,1.4,-0.4,5.5,5.5,      ,      ,      ,
409135000000000000,47.737702,51.212476,-49.8,17.5,9.1,9.1,      ,      ,      ,
510326000000000000,55.62403,48.86083,8.7,-5.0,5.5,5.5,16.405,0.137,14.932,
509799000000000000,55.478166,51.351353,6.0,-2.7,7.4,7.4,      ,      ,      ,
509547000000000000,54.172281,51.502801,6.2,3.0,7.8,7.8,      ,      ,      ,
409599000000000000,48.999399,51.429119,6.6,0.7,4.3,4.3,15.482,0.066,14.916,0.115
509483000000000000,53.637722,51.930022,0.4,-3.9,4.2,4.2,15.303,0.049,14.808,0.1
409488000000000000,48.741137,52.374989,1.0,4.8,6.3,6.3,16.344,0.116,15.475,0.16
412543000000000000,50.897608,49.598098,-2.8,-5.1,4.1,4.1,14.335,0.031,14.042,0.056
411916000000000000,51.858201,46.853394,308.7,-34.9,7.4,7.4,      ,      ,      ,
414076000000000000,54.099348,48.039728,0.1,-10.1,4.3,4.3,15.976,0.089,15.066,0.116
509030000000000000,53.208279,51.011311,-4.6,-0.6,7.1,7.1,16.819,0.152,17.187,
409730000000000000,49.906008,51.870616,0.4,-2.7,4.3,4.3,15.597,0.064,14.865,0.111
410355000000000000,48.739672,47.599668,-7.2,1.4,5.5,5.5,      ,      ,      ,
509429000000000000,54.998801,50.178096,-1.4,-5.9,4.0,4.0,14.142,0.029,13.714,0.045
408798000000000000,46.616047,50.81545,105.8,-80.2,7.8,7.8,      ,      ,      ,
413253000000000000,51.542388,48.580659,43.2,-29.6,7.4,7.4,      ,      ,      ,
509530000000000000,54.373392,51.853911,-9.7,-11.2,6.4,6.4,16.713,0.159,15.582,0.231
510603000000000000,56.085806,50.085611,10.4,9.7,5.4,5.4,14.517,0.043,13.966,0.07
505791000000000000,51.150382,53.146146,-4.2,-5.0,4.1,4.1,12.693,0.019,11.391,0.02
510063000000000000,54.724649,49.450674,6.3,-0.5,9.3,9.3,      ,      ,      ,
411612000000000000,50.545577,47.060477,-37.4,47.7,7.9,7.9,      ,      ,      ,
410653000000000000,48.93582,49.3758,12.3,-4.7,4.1,4.1,14.988,0.043,14.288,0.061
408993000000000000,46.875958,50.801108,-4.3,-0.8,4.7,4.7,16.034,0.079,15.528,0.174
413058000000000000,52.752333,49.496999,-0.1,-5.5,5.9,5.9,      ,      ,      ,
510200000000000000,55.448453,49.813734,11.4,-6.5,4.0,4.0,12.671,0.025,11.719,0.026
412666000000000000,50.335918,50.244004,230.0,133.5,7.1,7.1,      ,      ,      ,
506507000000000000,53.635821,52.434655,-14.0,8.6,6.2,6.2,16.718,0.145,15.531,0.187
505927000000000000,51.546678,51.963565,-2.4,-1.3,4.1,4.1,14.799,0.04,14.206,0.06
409751000000000000,50.288536,51.885639,16.5,-218.0,7.4,7.4,      ,      ,      ,
509402000000000000,54.429882,50.380148,-7.0,-8.5,8.0,8.0,      ,      ,      ,
412872000000000000,51.604921,50.363132,-6.2,-2.8,4.8,4.8,15.886,0.087,15.372,
411804000000000000,50.744463,46.857332,1.7,4.2,6.6,6.6,      ,      ,      ,
505866000000000000,50.965817,52.15805,-36.5,14.0,4.1,4.1,14.809,0.037,14.205,0.061
505977000000000000,51.625802,52.222585,-2.1,-2.0,7.3,7.3,      ,      ,      ,
509782000000000000,55.207412,50.872765,7.0,-10.5,4.1,4.1,14.926,0.043,14.177,0.077
509274000000000000,53.936203,49.967654,-5.2,-8.7,7.4,7.4,      ,      ,      ,
408959000000000000,47.362898,51.820383,-4.3,-20.6,8.1,8.1,      ,      ,      ,
505990000000000000,51.552238,52.687778,-2.3,-11.3,4.4,4.4,16.018,0.106,15.113,0.156
505889000000000000,51.043743,51.624994,-3.5,-10.2,6.7,6.7,16.61,0.144,15.755,
407517000000000000,46.892687,50.090834,-0.4,-0.8,5.5,5.5,      ,      ,      ,
509875000000000000,55.992758,50.573616,-1.1,-16.6,5.6,5.6,16.431,0.133,15.059,0.143
413117000000000000,53.002564,50.273484,-2.6,-0.3,5.2,5.2,16.724,0.132,15.996,
509475000000000000,53.409768,51.851527,-1.5,0.6,9.3,9.3,      ,      ,      ,
412007000000000000,52.35307,47.268577,505.7,231.4,17.8,17.8,15.784,0.115,14.288,0.093
411101000000000000,48.808346,47.291042,-6.2,6.8,5.0,5.0,17.326,0.197,16.003,0.228
412535000000000000,51.061336,49.328789,10.6,-5.7,4.9,4.9,16.245,0.117,15.445,0.191
410408000000000000,47.124559,49.265959,-2.5,0.9,5.3,5.3,16.772,0.138,17.145,
409767000000000000,50.120508,51.459833,-44.2,35.1,8.1,8.1,      ,      ,      ,
411945000000000000,51.563567,47.162598,-3.2,0.4,5.0,5.0,15.854,0.077,15.692,0.198
412617000000000000,51.631628,49.27316,3.4,-3.1,5.9,5.9,      ,      ,      ,
412395000000000000,50.343844,48.947938,-4.7,2.8,9.3,9.3,      ,      ,      ,
411779000000000000,51.539471,47.841792,-2.7,-1.7,4.5,4.5,16.569,0.149,15.19,0.148
509181000000000000,54.078021,51.193279,-116.7,-406.0,7.8,7.8,      ,      ,      ,
410856000000000000,49.472245,48.873809,-6.8,-3.6,6.9,6.9,      ,      ,      ,
509082000000000000,53.236361,51.366915,17.6,-13.0,6.9,6.9,16.761,0.15,16.494,
509867000000000000,55.953283,50.878811,-298.7,167.3,6.8,6.8,      ,      ,      ,
409363000000000000,48.134697,51.697214,-1.1,-3.2,5.6,5.6,      ,      ,      ,
413169000000000000,53.393697,49.580457,-0.9,-18.9,6.1,6.1,16.701,0.123,15.423,0.156
412078000000000000,53.021972,46.891226,-2.4,-2.4,4.2,4.2,15.388,0.05,14.767,0.095
410397000000000000,46.812323,49.19549,-4.0,0.3,4.9,4.9,10.163,0.021,9.345,0.02
412786000000000000,50.695289,51.000601,-4.6,-7.1,4.8,4.8,16.269,0.109,15.368,0.185
509020000000000000,52.884324,51.012883,7.9,-9.2,8.1,8.1,      ,      ,      ,
413035000000000000,52.354534,49.412559,7.1,-11.9,4.1,4.1,15.014,0.036,14.688,0.077
412748000000000000,51.358393,49.99462,19.0,23.1,7.8,7.8,      ,      ,      ,
412936000000000000,51.439975,49.889309,9.2,-11.6,4.8,4.8,16.254,0.116,15.35,0.185
412333000000000000,50.333154,49.939964,19.8,-1.6,7.1,7.1,      ,      ,      ,
412828000000000000,51.273916,51.180206,0.8,-7.1,6.6,6.6,      ,      ,      ,
412628000000000000,51.846591,49.013158,-5.0,-2.7,4.6,4.6,15.647,0.077,15.264,0.145
413339000000000000,52.409703,48.002994,3.4,-20.5,4.0,4.0,16.743,0.438,14.174,
410006000000000000,46.292715,49.093065,-7.9,3.3,4.1,4.1,14.935,0.042,14.524,0.071
412481000000000000,50.959523,48.891011,9.7,-5.3,4.7,4.7,15.726,0.083,15.338,0.17
412937000000000000,51.395215,49.805469,-0.2,-1.7,6.6,6.6,      ,      ,      ,
413365000000000000,52.00046,48.458272,-4.0,-5.5,4.7,4.7,15.872,0.09,15.367,0.158
509205000000000000,53.332074,50.430626,-11.6,-13.8,9.3,9.3,      ,      ,      ,
510241000000000000,56.128849,49.789971,0.2,0.8,4.1,4.1,15.2,0.053,14.655,0.1
505601000000000000,49.355307,52.531863,2.5,1.3,4.1,4.1,13.317,0.022,12.217,0.022
509550000000000000,54.193035,51.643227,-0.6,-5.3,4.0,4.0,14.525,0.035,13.782,0.047
411976000000000000,51.705188,47.502002,0.7,-13.9,4.1,4.1,14.875,0.042,14.456,0.081
506432000000000000,52.842251,52.725717,-3.3,1.0,4.0,4.0,14.956,0.036,14.111,0.048
508952000000000000,52.186372,51.533629,12.2,-16.0,6.2,6.2,17.248,0.242,15.533,0.158
413984000000000000,53.960949,48.795904,-0.2,-3.3,4.0,4.0,14.341,0.029,13.725,0.033
506479000000000000,52.962445,52.582579,8.1,0.9,5.1,5.1,16.479,0.133,15.99,0.235
506040000000000000,52.011468,51.898339,2.0,4.8,4.0,4.0,11.836,0.021,10.854,0.021
509029000000000000,53.150636,51.001337,19.0,-344.3,6.4,7.3,      ,      ,      ,
411011000000000000,48.663058,47.015668,-10.4,-9.7,5.9,5.9,      ,      ,      ,
414296000000000000,55.366897,48.237879,-2.9,-5.6,4.0,4.0,13.022,0.025,12.589,0.035
410091000000000000,47.45451,48.676223,11.1,6.1,6.1,6.1,16.544,0.118,15.57,0.174
413937000000000000,53.865547,49.121563,-7.4,-10.0,6.6,6.6,16.688,0.135,15.997,0.219
410742000000000000,48.559002,48.126874,3.1,-2.5,4.8,4.8,16.663,0.151,15.712,0.209
412708000000000000,50.908259,50.709379,-343.9,159.7,8.1,8.1,      ,      ,      ,
411190000000000000,49.754253,46.834718,-2.5,-0.7,5.7,5.7,      ,      ,      ,
412092000000000000,48.471076,50.006514,5.1,1.6,4.0,4.0,14.104,0.029,13.519,0.037
505916000000000000,51.172415,51.894882,-4.6,-0.3,5.1,5.1,16.34,0.123,15.809,0.249
409659000000000000,49.759174,51.179647,2.6,-4.6,5.8,5.8,      ,      ,      ,
413785000000000000,52.913674,49.006579,-7.4,-4.1,5.9,5.9,      ,      ,      ,
410931000000000000,50.190292,48.669411,-1.1,-4.5,5.6,5.6,      ,      ,      ,
409237000000000000,48.941464,50.814022,-41.6,11.1,9.0,9.0,      ,      ,      ,
408781000000000000,46.363978,51.008339,-1.4,-0.6,6.9,6.9,      ,      ,      ,
413708000000000000,53.677665,47.522455,4.5,-1.4,7.2,7.2,      ,      ,      ,
509598000000000000,54.813054,51.359739,-6.0,2.0,4.0,4.0,13.516,0.026,12.237,0.026
413001000000000000,52.04653,49.251222,-6.4,-11.0,9.3,9.3,      ,      ,      ,
408944000000000000,47.479186,51.277915,15.5,-10.1,7.1,7.1,      ,      ,      ,
413689000000000000,53.894945,47.750301,1.8,-11.8,4.2,4.2,15.078,0.045,14.306,0.074
505897000000000000,51.273384,51.707809,80.1,-11.2,8.7,8.7,      ,      ,      ,
414024000000000000,54.501518,49.12271,-5.6,-3.0,5.9,5.9,      ,      ,      ,
409098000000000000,47.928953,50.614398,1.6,-1.4,4.6,4.6,16.067,0.083,15.394,0.155
409487000000000000,48.676938,52.333074,-18.7,-20.0,7.6,7.6,      ,      ,      ,
410512000000000000,48.073829,49.057569,2.6,-2.1,4.3,4.3,15.606,0.059,15.136,0.108
413049000000000000,52.565849,49.324937,-11.6,-6.7,4.4,4.4,16.059,0.099,15.137,0.132
410796000000000000,49.347947,48.1024,-18.2,-8.3,5.7,5.7,16.29,0.124,15.108,0.153
509689000000000000,55.158865,51.764231,-6.8,-11.6,6.8,6.8,16.67,0.152,16.048,
509184000000000000,54.187611,51.102609,11.9,-2.0,7.4,7.4,      ,      ,      ,
510160000000000000,55.474746,49.037023,5.8,-2.2,7.4,7.4,      ,      ,      ,
509273000000000000,53.831567,50.023642,0.2,-23.6,8.1,8.1,      ,      ,      ,
509361000000000000,54.412679,50.560401,-4.0,-1.4,5.6,5.6,16.741,0.152,17.132,
509689000000000000,55.107106,51.746089,-14.1,-11.0,5.7,5.7,16.302,0.106,15.108,0.151
409492000000000000,48.951282,52.284555,8.0,-0.1,4.1,4.1,14.731,0.039,14.07,0.052
413131000000000000,53.024601,50.085886,-6.8,-0.3,5.0,5.0,16.281,0.106,15.73,0.172
409541000000000000,49.579949,52.354901,14.1,0.5,4.1,4.1,14.001,0.027,13.473,0.038
413972000000000000,54.206243,49.285309,-2.2,-3.5,4.6,4.6,15.657,0.068,15.281,0.147
509312000000000000,54.157551,49.984696,-4.4,-7.7,5.9,5.9,      ,      ,      ,
509837000000000000,55.661397,50.670929,-17.5,9.7,7.8,7.8,      ,      ,      ,
506187000000000000,51.724013,53.076401,-1.6,0.8,4.8,4.8,16.454,0.12,15.472,0.179
413352000000000000,51.801187,48.555705,0.0,-1.1,5.0,5.0,16.466,0.115,15.686,0.231
412790000000000000,50.87062,50.901369,-4.7,-9.1,7.4,7.4,      ,      ,      ,
412474000000000000,50.859318,48.889299,6.4,-5.0,4.2,4.2,15.537,0.059,14.718,0.092
413887000000000000,53.766285,48.732665,-0.1,-3.2,4.2,4.2,15.176,0.048,14.808,0.099
412650000000000000,50.048196,50.510189,-11.5,-53.7,9.3,9.3,      ,      ,      ,
509362000000000000,54.498998,50.477922,-5.9,-13.2,5.6,5.6,16.947,0.192,14.937,0.132
413041000000000000,52.522738,49.699622,-1.2,-3.1,5.9,5.9,      ,      ,      ,
411430000000000000,50.479948,46.63017,-27.0,11.0,7.4,7.4,      ,      ,      ,
413581000000000000,53.122544,46.91581,0.1,-2.7,4.9,4.9,16.162,0.098,15.719,0.251
510166000000000000,55.681916,49.139756,3.1,0.7,4.2,4.2,15.244,0.06,14.845,0.121
413517000000000000,52.722943,47.492719,-5.4,4.0,5.7,5.7,      ,      ,      ,
505831000000000000,50.497201,52.040499,3.8,0.2,3.9,3.9,12.793,0.024,12.139,0.021
411393000000000000,50.330388,46.656663,-7.8,-20.6,4.0,4.0,12.657,0.023,11.78,0.023
413309000000000000,52.180901,47.800079,32.3,-43.4,7.0,7.0,      ,      ,      ,
413319000000000000,52.162163,48.076503,-18.9,-12.6,7.2,7.2,      ,      ,      ,
509548000000000000,54.275717,51.467231,1.6,-8.3,5.5,5.5,15.883,0.091,14.995,0.116
411921000000000000,52.049676,46.761325,2.4,-7.9,4.2,4.2,15.901,0.122,14.746,0.107
412053000000000000,52.599325,46.967257,6.4,-4.8,5.5,5.5,      ,      ,      ,
510179000000000000,55.151057,49.810842,-8.7,-9.1,6.6,6.6,      ,      ,      ,
412120000000000000,48.728982,49.968889,-13.8,12.8,6.9,6.9,      ,      ,      ,
509411000000000000,54.667944,50.495914,-4.6,-1.7,4.2,4.2,15.216,0.044,14.384,0.078
413181000000000000,53.342458,49.910794,1.3,-6.6,5.9,5.9,      ,      ,      ,
413995000000000000,54.337383,48.813992,4.0,11.3,9.3,9.3,      ,      ,      ,
408978000000000000,47.903124,51.529575,1.1,5.6,4.8,4.8,16.302,0.111,15.499,0.165
412443000000000000,50.479888,48.921628,-1.7,0.4,8.1,8.1,      ,      ,      ,
505990000000000000,51.559454,52.716817,-4.6,-3.1,6.3,6.3,16.294,0.131,15.536,0.231
412830000000000000,51.374462,51.298607,3.5,-5.2,5.1,5.1,16.337,0.136,15.693,0.251
409232000000000000,48.777892,50.811678,4.7,-17.6,4.0,4.0,14.301,0.037,13.663,0.052
410272000000000000,47.727499,47.870339,-9.7,7.0,4.8,4.8,16.333,0.101,15.59,0.172
509473000000000000,53.396542,52.043569,0.7,3.1,4.8,4.8,16.711,0.132,15.505,
509851000000000000,55.814307,50.519601,5.0,-3.6,5.1,4.9,16.313,0.112,15.58,0.199
412937000000000000,51.504814,49.902824,-0.7,-1.8,5.9,5.9,      ,      ,      ,
505989000000000000,51.448378,52.715427,-8.2,6.1,6.2,6.2,16.106,0.101,15.387,0.194
413078000000000000,52.371453,50.216458,12.7,8.0,4.9,4.9,16.681,0.164,15.585,
410173000000000000,47.396954,47.921597,-5.7,14.0,7.3,7.3,      ,      ,      ,
409152000000000000,48.101761,50.925622,2.4,-6.4,6.9,6.9,      ,      ,      ,
411123000000000000,49.173221,47.262834,30.7,27.1,6.9,6.9,      ,      ,      ,
412109000000000000,48.772818,49.899251,-2.5,4.2,5.7,5.7,      ,      ,      ,
505747000000000000,50.406155,52.932655,-18.5,27.9,9.3,9.3,      ,      ,      ,
509131000000000000,53.379257,51.204596,-7.4,-18.1,9.3,9.3,      ,      ,      ,
510091000000000000,54.993415,49.372265,3.0,-15.0,4.0,4.0,14.74,0.035,13.855,0.051
412356000000000000,50.813187,49.926082,3.9,-1.7,4.4,4.4,15.514,0.056,15.063,0.137
413134000000000000,53.19831,50.040359,-6.6,-1.4,5.9,5.9,      ,      ,      ,
509170000000000000,54.056819,51.380735,7.1,0.0,6.7,6.7,16.694,0.155,16.04,
509483000000000000,53.715077,52.049729,-6.1,-4.1,4.0,4.0,14.096,0.029,13.587,0.037
410767000000000000,49.189947,47.861333,-1.9,6.8,4.7,4.7,16.173,0.114,15.572,0.184
412542000000000000,50.873564,49.513299,5.6,-8.8,5.9,5.9,      ,      ,      ,
407489000000000000,46.643224,50.295598,3.3,-1.8,4.0,4.0,13.003,0.023,12.4,0.022
411948000000000000,51.489178,47.384736,-3.8,-5.2,7.2,7.2,      ,      ,      ,
412327000000000000,50.062052,50.001307,-3.2,2.8,8.1,8.1,      ,      ,      ,
509420000000000000,54.714936,50.192707,-0.2,-5.5,5.0,5.0,16.19,0.098,15.665,0.252
410326000000000000,48.054156,47.651424,-5.1,1.0,4.0,4.0,13.659,0.021,13.074,0.027
409036000000000000,47.696078,50.884601,6.0,-0.6,4.0,4.0,14.158,0.031,13.545,0.034
409985000000000000,46.373745,48.853299,-7.2,6.3,4.7,4.7,16.441,0.112,15.521,0.175
509090000000000000,53.139432,51.747469,-0.1,6.0,4.8,4.8,16.448,0.128,15.417,0.166
412879000000000000,51.965322,50.251937,5.0,-10.2,4.2,4.2,15.35,0.052,14.783,0.101
509331000000000000,53.784686,50.721429,1.5,-8.9,5.3,5.3,16.401,0.109,16.144,
410357000000000000,48.369254,47.889115,2.6,3.5,5.0,5.0,16.652,0.169,15.974,
411711000000000000,50.749191,48.057973,-2.3,1.8,7.4,7.4,      ,      ,      ,
505825000000000000,50.469553,52.15841,3.1,0.6,7.9,7.9,      ,      ,      ,
509263000000000000,53.561902,49.958477,-0.8,-0.7,5.0,5.0,16.097,0.084,15.688,0.207
414163000000000000,54.885991,47.873606,15.1,-7.7,5.9,5.9,      ,      ,      ,
409327000000000000,47.838847,52.310954,-3.3,-5.5,6.2,6.2,16.305,0.113,15.456,0.146
510145000000000000,55.388018,49.191643,3.3,-4.9,5.3,5.3,16.41,0.133,16.227,
508961000000000000,52.278841,51.248266,35.8,-20.5,7.8,7.8,      ,      ,      ,
413486000000000000,53.435282,48.258056,-11.7,-22.6,4.0,4.0,14.678,0.047,14.03,0.054
510237000000000000,55.963669,49.994181,-7.0,-19.4,6.0,6.0,16.603,0.147,15.322,
412572000000000000,51.614429,49.436155,-2.4,3.8,4.2,4.2,15.102,0.046,14.48,0.08
410477000000000000,47.769168,48.90543,-4.5,0.9,5.5,5.5,      ,      ,      ,
412450000000000000,50.482129,48.533271,5.6,-2.1,6.1,6.1,16.578,0.139,15.451,0.172
410574000000000000,48.012001,49.679638,2.9,-2.4,4.0,4.0,11.773,0.023,11.003,0.02
409581000000000000,49.22599,51.247422,0.0,-27.7,9.3,9.3,      ,      ,      ,
412992000000000000,52.358578,49.686854,-1.1,-2.2,5.9,5.9,      ,      ,      ,
510157000000000000,55.457048,49.11616,0.7,1.0,5.9,5.9,      ,      ,      ,
413309000000000000,52.187029,47.807982,-10.1,1.1,4.2,4.2,15.298,0.052,14.833,0.099
409519000000000000,49.20055,52.325277,13.6,-1.6,4.2,4.2,15.307,0.063,14.765,0.115
412147000000000000,49.273599,49.843211,19.5,0.6,4.0,4.0,14.74,0.038,13.755,0.046
412438000000000000,50.385721,48.729931,-3.0,-3.7,4.0,4.0,15.093,0.04,14.447,0.069
510331000000000000,55.795056,48.70024,-4.8,-2.3,6.6,6.6,      ,      ,      ,
407382000000000000,46.420986,49.613687,-0.9,-3.4,5.2,5.2,16.816,0.147,16.559,
409123000000000000,48.63712,50.346463,4.8,-0.1,4.5,4.5,15.685,0.062,15.198,0.132
509045000000000000,53.369267,50.761735,-10.6,-15.1,9.3,9.3,      ,      ,      ,
414083000000000000,54.374199,47.980053,-123.2,90.8,7.0,7.0,      ,      ,      ,
413889000000000000,53.885457,48.669124,2.7,3.0,7.8,7.8,      ,      ,      ,
412568000000000000,51.401282,49.431082,3.2,-2.1,5.9,5.9,      ,      ,      ,
505794000000000000,51.046811,52.934391,-1.0,-4.0,6.0,6.0,16.241,0.119,15.252,0.162
509861000000000000,55.897411,50.811946,53.4,-37.6,5.4,5.4,14.319,0.035,13.549,0.046
411947000000000000,51.580768,47.188414,-3.7,9.0,5.7,5.7,      ,      ,      ,
509807000000000000,55.487651,51.085883,1.4,-1.5,7.8,7.8,      ,      ,      ,
510319000000000000,55.416202,48.681502,9.0,-9.9,4.6,4.6,16.281,0.122,15.274,0.187
409219000000000000,48.88792,50.41773,0.2,-5.1,7.4,7.4,      ,      ,      ,
505809000000000000,51.550554,52.977159,6.0,0.5,4.1,4.1,14.932,0.052,14.21,0.073
506481000000000000,53.12563,52.536192,-17.4,2.2,5.0,5.0,16.487,0.12,15.717,0.209
413155000000000000,52.979506,49.567916,-10.0,-15.5,9.3,9.3,      ,      ,      ,
413673000000000000,53.484456,48.10536,0.7,-3.4,4.0,4.0,14.962,0.038,14.073,0.051
412560000000000000,51.239471,49.343384,-3.5,-0.3,7.8,7.8,      ,      ,      ,
414096000000000000,54.302538,48.470104,4.7,-23.6,5.4,5.4,15.472,0.06,14.431,0.069
412123000000000000,48.851473,50.009227,24.9,0.5,7.8,7.8,      ,      ,      ,
410225000000000000,47.728777,47.653297,-78.8,190.5,7.1,7.1,      ,      ,      ,
506378000000000000,51.932217,52.789647,-6.4,5.7,6.1,6.1,16.42,0.131,15.451,0.19
414126000000000000,54.419767,47.696095,-1.2,-2.0,5.9,5.9,      ,      ,      ,
410068000000000000,47.153161,48.490823,-0.1,0.8,4.0,4.0,14.346,0.032,13.942,0.044
412101000000000000,48.578041,49.652297,0.6,0.0,4.5,4.5,15.937,0.081,15.24,0.154
412698000000000000,50.602388,50.632702,-16.3,2.5,5.9,5.9,      ,      ,      ,
505825000000000000,50.470026,52.121326,4.0,-1.6,3.9,3.9,14.629,0.031,13.884,0.04
412133000000000000,48.882439,49.942085,-1.1,-3.3,4.0,4.0,12.919,0.022,12.123,0.023
410614000000000000,48.389889,49.296776,2.7,-0.6,9.0,9.0,      ,      ,      ,
412196000000000000,49.437637,49.85673,-1.4,-9.4,7.2,7.2,      ,      ,      ,
412648000000000000,49.970905,50.544623,1.0,-10.0,7.4,7.4,      ,      ,      ,
506055000000000000,52.533304,51.807842,18.1,-13.4,4.0,4.0,15.145,0.053,14.223,0.07
409350000000000000,47.955434,51.906193,0.9,1.6,4.1,4.1,14.732,0.033,14.083,0.046
508989000000000000,52.451042,51.044405,3.0,-11.7,4.0,4.0,15.096,0.05,14.122,0.057
413892000000000000,53.713434,48.511226,-10.8,0.3,4.6,4.6,15.932,0.084,15.279,0.138
409425000000000000,48.053342,52.417269,4.2,-3.4,5.9,5.9,16.2,0.097,15.138,0.12
412209000000000000,49.823752,49.408629,-2.5,-4.6,5.9,5.9,      ,      ,      ,
412966000000000000,51.834826,49.942948,-13.3,4.6,9.3,9.3,      ,      ,      ,
509198000000000000,53.075272,50.559969,2.1,-8.2,8.1,8.1,      ,      ,      ,
413840000000000000,53.066497,48.540235,10.7,3.3,6.6,6.6,      ,      ,      ,
413300000000000000,52.036908,47.653069,-4.8,-1.8,4.0,4.0,13.561,0.029,12.729,0.022
408930000000000000,47.269356,51.447758,45.7,-24.0,4.1,5.2,15.088,0.049,14.156,0.054
510085000000000000,55.066736,49.742161,-1.5,-8.1,4.4,4.4,16.459,0.124,15.099,
407407000000000000,46.467867,49.716392,-1.4,-1.1,4.6,4.6,16.448,0.12,15.395,0.156
409771000000000000,50.284005,51.359046,-3.4,-1.5,4.6,4.6,16.188,0.1,15.302,0.159
413244000000000000,51.379544,48.533345,2.6,-7.5,6.6,6.6,16.585,0.174,15.755,0.288
412077000000000000,52.961688,46.844553,12.4,-3.2,5.5,5.5,      ,      ,      ,
412177000000000000,49.35865,49.403292,35.9,-3.8,9.1,9.1,      ,      ,      ,
413544000000000000,52.889763,47.442623,9.4,222.3,7.7,7.7,      ,      ,      ,
413393000000000000,52.328976,48.908114,-1.4,2.4,5.9,5.9,      ,      ,      ,
413661000000000000,53.540913,47.746765,-2.4,-15.3,4.6,4.6,15.942,0.087,15.324,0.163
411981000000000000,51.908325,47.388399,-13.3,-30.5,9.3,9.3,      ,      ,      ,
413027000000000000,52.583359,49.140443,-8.1,6.4,4.0,4.0,12.877,0.024,12.481,0.029
412750000000000000,50.910747,50.442959,4.6,-2.5,4.1,4.1,14.537,0.031,13.616,0.037
509083000000000000,52.750478,51.802361,4.1,-1.5,9.3,9.3,      ,      ,      ,
510093000000000000,55.085973,49.516383,-7.0,-1.7,5.9,5.9,      ,      ,      ,
412516000000000000,50.758105,49.407828,3.0,22.9,9.3,9.3,      ,      ,      ,
414209000000000000,54.730864,48.237956,27.4,-43.3,4.0,4.0,12.272,0.024,11.379,0.022
413629000000000000,52.883481,47.838852,17.0,-50.0,7.5,7.5,      ,      ,      ,
412436000000000000,50.331252,48.698584,-5.8,-5.3,5.0,5.0,16.337,0.099,15.69,0.198
413901000000000000,53.959409,48.651517,-10.5,8.2,4.0,4.0,14.63,0.044,14.111,0.052
413417000000000000,52.239536,48.273749,-1.3,1.6,4.1,4.1,15.567,0.06,14.705,0.087
412774000000000000,51.318431,50.267022,2.2,-1.4,4.3,4.3,15.732,0.069,14.902,0.114
413062000000000000,52.968252,49.308488,0.8,-1.7,5.9,5.9,      ,      ,      ,
510073000000000000,54.641932,49.635628,-1.5,-0.6,7.4,7.4,      ,      ,      ,
510106000000000000,54.826529,49.26486,0.8,-5.7,7.4,7.4,      ,      ,      ,
409805000000000000,50.730286,51.675656,83.1,78.4,6.6,6.6,16.77,0.171,15.769,0.249
413785000000000000,52.888156,49.012625,-2.9,-0.9,4.2,4.2,15.304,0.04,14.832,0.087
508914000000000000,51.703334,51.272794,0.6,-1.3,7.4,7.4,      ,      ,      ,
408951000000000000,47.223026,51.702623,2.9,-2.2,4.2,4.2,15.555,0.056,14.917,0.1
509764000000000000,54.874088,51.077462,-4.3,0.6,7.4,7.4,      ,      ,      ,
413260000000000000,51.562377,48.384422,31.1,-8.0,9.3,9.3,      ,      ,      ,
510237000000000000,55.943132,49.905428,-0.7,-6.1,9.3,9.3,      ,      ,      ,
411149000000000000,49.316452,47.329829,-10.5,-1.4,5.1,5.1,16.571,0.132,16.348,
505692000000000000,49.943408,53.062024,-4.1,-0.9,4.1,4.1,11.837,0.021,10.735,0.018
409218000000000000,48.827553,50.303205,130.2,-100.0,6.3,6.3,      ,      ,      ,
410883000000000000,49.969434,48.785903,-1.6,-21.5,4.1,4.1,12.545,0.02,12.065,0.021
509858000000000000,55.669707,50.758899,-1.6,-7.3,4.2,4.2,14.633,      ,14.878,0.13
414232000000000000,55.06371,48.504727,8.7,-2.9,6.6,6.6,      ,      ,      ,
409107000000000000,48.190916,50.2905,10.0,-15.9,6.9,6.9,      ,      ,      ,
412195000000000000,49.482661,49.742533,-112.9,-463.4,8.1,8.1,      ,      ,      ,
413548000000000000,53.020364,47.421717,-0.4,-2.7,7.2,7.2,      ,      ,      ,
413023000000000000,52.335932,49.311952,-7.0,-0.7,7.4,7.4,      ,      ,      ,
413042000000000000,52.553135,49.643409,6.0,-2.5,7.8,7.8,      ,      ,      ,
409721000000000000,50.059527,51.563334,5.7,4.3,7.4,7.4,      ,      ,      ,
414237000000000000,55.139903,48.74121,-4.8,1.8,9.3,9.3,      ,      ,      ,
411652000000000000,50.926995,47.420241,13.6,50.5,9.3,9.3,      ,      ,      ,
413127000000000000,52.927621,50.134469,-1.9,1.1,5.1,5.1,16.183,0.09,15.789,0.211
413480000000000000,53.197849,48.260432,3.1,-5.7,5.9,5.9,      ,      ,      ,
407497000000000000,46.840353,50.459356,-9.1,-4.3,5.5,5.5,      ,      ,      ,
407532000000000000,47.388791,49.682524,-21.5,22.9,7.2,7.2,      ,      ,      ,
410947000000000000,50.339155,48.542647,1.5,-1.9,5.6,5.6,      ,      ,      ,
506034000000000000,51.986094,52.171694,91.5,11.1,7.3,7.3,      ,      ,      ,
508924000000000000,52.057763,51.269324,3.3,-7.8,5.2,5.2,16.977,0.234,15.664,0.215
410105000000000000,47.569111,48.516439,-1.7,0.0,6.2,6.2,16.67,0.138,15.712,0.196
407524000000000000,46.991709,49.790465,-1.6,-2.4,6.0,6.0,16.816,0.168,15.472,0.163
510180000000000000,55.146548,49.873141,-2.0,-6.3,4.1,4.1,15.334,0.057,14.542,0.093
408833000000000000,46.991847,50.998346,1.4,-3.7,5.8,5.8,16.024,0.08,15.212,0.133
411711000000000000,50.740504,48.042282,-10.6,-16.8,8.7,8.7,      ,      ,      ,
410239000000000000,48.025675,47.396718,-5.9,-14.2,4.0,4.0,14.554,0.034,13.578,0.035
510321000000000000,55.501497,48.686261,1.1,3.5,5.9,5.9,      ,      ,      ,
413121000000000000,52.821812,50.094601,5.0,-1.3,6.6,6.6,      ,      ,      ,
410896000000000000,49.774843,48.535116,4.8,4.0,5.9,5.9,      ,      ,      ,
412840000000000000,51.573401,50.920475,3.5,-8.3,5.9,5.9,      ,      ,      ,
505979000000000000,51.570827,52.325518,-7.9,0.0,4.1,4.1,15.066,0.044,14.301,0.071
410829000000000000,49.202531,48.787508,24.0,-13.1,8.1,8.1,      ,      ,      ,
409572000000000000,49.007541,51.168964,1.9,-6.8,6.6,6.6,      ,      ,      ,
412380000000000000,49.836137,48.914832,-5.2,-9.8,7.3,7.3,      ,      ,      ,
413015000000000000,52.242083,49.176552,-7.5,-4.9,9.3,9.3,      ,      ,      ,
411099000000000000,48.715511,47.363959,-3.2,2.1,5.5,5.5,      ,      ,      ,
413778000000000000,52.666297,49.009702,16.4,-4.4,5.9,5.9,16.029,0.094,15.253,0.149
410787000000000000,49.243274,48.357328,52.8,-18.4,5.5,5.5,15.647,0.065,14.604,0.09
413219000000000000,51.193232,48.364978,-1.2,-11.6,4.1,4.1,14.018,0.023,13.248,0.033
412988000000000000,52.164029,49.910999,-14.9,-0.7,9.3,9.3,      ,      ,      ,
411862000000000000,51.494991,47.102555,-16.8,-31.0,5.7,5.7,      ,      ,      ,
509374000000000000,54.385057,51.036801,-5.8,5.1,8.1,8.1,      ,      ,      ,
413914000000000000,53.392301,49.256199,-0.5,1.6,4.7,4.7,16.294,0.096,15.394,
412664000000000000,50.20499,50.3361,84.4,-68.7,9.3,9.3,      ,      ,      ,
506429000000000000,52.781937,52.866501,-42.1,0.7,5.4,5.4,13.326,0.026,12.657,0.028
414020000000000000,54.441926,48.903722,-0.1,5.4,5.9,5.9,      ,      ,      ,
410433000000000000,47.223636,49.398219,-7.4,4.6,4.8,4.8,16.401,0.1,15.602,0.16
412693000000000000,50.62563,50.867209,7.7,-4.4,4.9,4.9,16.09,0.103,15.452,0.186
409601000000000000,49.182598,51.397534,96.5,-90.6,8.1,8.1,      ,      ,      ,
509257000000000000,54.046323,50.40509,-1.4,-9.0,4.1,4.1,15.296,0.052,14.436,0.065
412162000000000000,49.169991,49.633304,-10.8,8.4,7.8,7.8,      ,      ,      ,
409123000000000000,48.67708,50.324634,-236.2,-89.1,8.1,8.1,      ,      ,      ,
411858000000000000,51.461844,46.854543,7.9,-5.4,4.7,4.7,16.612,0.15,15.455,0.173
509386000000000000,54.645197,50.701242,10.0,-13.9,4.2,4.2,15.882,0.082,14.841,
409158000000000000,48.343645,50.956469,0.6,-1.9,4.9,4.9,16.413,0.115,15.732,0.215
505856000000000000,50.747653,52.382982,3.0,1.4,7.2,7.2,      ,      ,      ,
412680000000000000,50.235747,50.816777,3.3,-4.6,6.4,6.4,16.748,0.147,15.772,0.199
410994000000000000,48.361058,47.133473,-1.7,-16.5,6.2,6.2,16.851,0.181,15.673,0.198
510131000000000000,55.261314,48.984252,-9.2,-19.6,5.4,5.4,15.011,0.045,14.349,0.084
410192000000000000,47.504209,47.569363,-12.0,10.0,5.5,5.5,      ,      ,      ,
412030000000000000,52.28232,46.719418,0.8,-1.3,5.5,5.5,      ,      ,      ,
412180000000000000,49.509793,49.401807,162.7,-449.5,8.1,8.1,      ,      ,      ,
510039000000000000,54.32402,49.500403,-4.6,-7.4,4.8,4.8,16.18,0.116,15.505,0.177
409018000000000000,47.63722,50.534999,4.0,-7.0,4.4,4.4,16.606,0.127,15.188,
412902000000000000,52.040802,50.733015,-4.4,-11.4,4.0,4.0,13.872,0.029,13.282,0.038
409287000000000000,47.406221,52.061303,-7.1,-0.8,4.2,4.2,15.103,0.044,14.409,0.063
509132000000000000,53.439945,51.172322,-5.0,-11.0,5.2,5.2,16.617,0.137,16.02,0.271
413687000000000000,53.71442,47.793318,30.5,-5.7,7.0,7.0,      ,      ,      ,
410658000000000000,48.93282,49.155432,3.4,4.7,7.2,7.2,      ,      ,      ,
508958000000000000,52.372036,51.547167,2.0,-1.0,4.0,4.0,14.742,0.044,13.978,0.053
409740000000000000,49.912634,51.757074,18.7,-4.6,5.7,5.7,16.007,0.093,14.951,0.117
410720000000000000,48.706632,48.738714,-7.5,0.2,6.9,6.9,      ,      ,      ,
505897000000000000,51.260706,51.751823,-80.8,-32.8,8.7,8.7,      ,      ,      ,
409596000000000000,49.156193,51.593041,2.5,-2.0,7.1,7.1,      ,      ,      ,
411698000000000000,50.624024,48.103291,-0.1,-2.0,5.7,5.7,      ,      ,      ,
411214000000000000,49.866186,47.230171,-29.6,3.1,4.1,4.1,13.786,0.034,13.213,0.041
409394000000000000,48.601241,51.722787,4.3,0.5,7.4,7.4,      ,      ,      ,
414005000000000000,54.504827,48.602261,5.6,0.1,7.4,7.4,      ,      ,      ,
510062000000000000,54.72809,49.461969,4.0,-30.6,8.1,8.1,      ,      ,      ,
414089000000000000,54.207331,48.367284,9.8,-15.2,5.9,5.9,      ,      ,      ,
409753000000000000,50.288139,51.753014,178.4,-54.4,21.5,21.5,16.486,0.14,15.551,0.182
509127000000000000,53.201023,51.291018,-2.4,-9.3,4.9,4.9,16.477,0.116,15.589,
509359000000000000,54.410948,50.673147,-2.2,-18.3,4.2,4.2,15.117,0.043,14.541,0.092
412922000000000000,52.517691,50.568879,6.9,-2.3,7.4,7.4,      ,      ,      ,
409198000000000000,48.339623,50.694667,-2.3,-2.0,6.9,6.9,      ,      ,      ,
413975000000000000,54.307271,49.223676,4.8,-6.4,4.9,4.9,16.421,0.117,15.612,0.2
410419000000000000,47.162044,49.16139,-1.0,2.5,4.8,4.8,16.212,0.088,15.694,0.179
412420000000000000,50.464688,49.001179,-2.7,3.0,5.2,5.2,16.329,0.113,16.037,0.28
413431000000000000,52.658238,48.251534,-14.2,-3.2,4.2,4.2,15.475,0.068,14.741,0.096
410706000000000000,48.770664,48.290004,7.7,-0.2,5.5,5.5,15.897,0.087,14.64,0.09
505962000000000000,51.170329,52.680765,-14.5,18.3,5.9,5.9,15.997,0.09,15.192,0.163
505936000000000000,51.625069,51.748098,-52.2,-139.1,7.8,7.8,      ,      ,      ,
409484000000000000,48.833067,52.114011,49.6,79.4,9.3,9.3,      ,      ,      ,
412815000000000000,51.364238,50.696371,-0.8,-4.4,9.3,9.3,      ,      ,      ,
413393000000000000,52.281082,48.961289,-11.7,-20.2,7.4,7.4,      ,      ,      ,
509444000000000000,55.029071,50.573718,-5.2,-5.8,6.5,6.5,16.348,0.105,15.749,0.253
412963000000000000,51.706627,49.977403,-0.1,-3.5,4.9,4.9,16.313,0.112,15.544,
509579000000000000,54.519665,51.700737,-1.8,-4.6,4.1,4.1,15.09,0.041,14.216,0.073
413432000000000000,52.687717,48.235684,-4.3,-5.0,5.7,5.7,      ,      ,      ,
413840000000000000,53.076062,48.589819,-1.0,1.7,8.1,8.1,      ,      ,      ,
413819000000000000,53.300726,49.153185,38.0,-28.0,23.9,23.9,16.641,0.14,15.304,0.145
509474000000000000,53.470548,51.998832,40.6,-11.9,5.6,5.6,15.92,0.078,15.024,0.112
509224000000000000,53.216935,50.624884,6.9,-7.3,6.6,6.6,      ,      ,      ,
414068000000000000,53.961766,47.984933,3.8,0.7,5.7,5.7,      ,      ,      ,
410403000000000000,46.960073,49.346463,-5.0,0.6,6.9,6.9,      ,      ,      ,
409672000000000000,49.921549,51.065961,-4.3,-4.5,7.1,7.1,      ,      ,      ,
412844000000000000,51.692161,50.810354,0.7,-3.1,4.0,4.0,12.234,0.021,11.817,0.024
509273000000000000,53.857687,50.038166,-4.4,-0.7,5.9,5.9,      ,      ,      ,
412824000000000000,51.224165,50.98258,2.3,-9.3,4.1,4.1,12.147,0.022,11.803,0.022
414132000000000000,54.519077,47.939853,6.4,-17.4,4.1,4.1,14.39,0.034,13.819,0.051
408955000000000000,47.381558,51.624761,216.0,122.0,7.9,8.6,      ,      ,      ,
409531000000000000,49.31752,52.239763,3.9,-13.3,4.7,5.2,16.424,0.147,15.329,
410693000000000000,48.443827,48.341674,-48.3,19.7,7.8,7.8,      ,      ,      ,
506446000000000000,52.654485,52.386846,7.6,-1.1,6.4,6.4,17.083,0.228,15.793,
411561000000000000,49.864899,47.992486,-3.9,4.4,4.1,4.1,11.188,0.02,10.361,0.016
509001000000000000,52.697648,50.552036,-2.9,2.3,5.1,5.1,16.198,0.112,15.747,
505850000000000000,50.667981,52.324888,-275.7,61.7,7.3,7.3,      ,      ,      ,
413091000000000000,52.453091,50.01816,48.4,-6.9,9.3,9.3,      ,      ,      ,
505952000000000000,50.938926,52.460783,-3.8,-7.3,4.2,4.2,15.099,0.048,14.38,0.078
409171000000000000,48.228905,51.363636,5.6,-9.1,4.0,4.0,13.951,0.027,13.273,0.026
413682000000000000,53.596452,47.775811,7.5,-6.9,4.0,4.0,13.927,0.028,13.182,0.039
505919000000000000,51.323956,51.940406,14.4,-3.0,6.4,6.4,16.747,0.176,15.501,0.195
413364000000000000,51.906916,48.490463,-0.2,-4.9,4.0,4.0,14.077,0.03,13.672,0.037
407433000000000000,47.023989,49.653379,-15.3,-21.9,6.0,6.0,16.693,0.137,15.425,0.148
411817000000000000,50.899083,46.795357,-6.1,-2.3,5.7,5.7,      ,      ,      ,
412610000000000000,51.511307,49.29836,0.1,-3.1,5.9,5.9,      ,      ,      ,
413395000000000000,52.353546,48.855819,5.9,-1.6,4.0,4.0,14.904,0.039,14.073,0.051
411944000000000000,51.460771,47.214351,24.9,-1.7,7.2,7.2,      ,      ,      ,
410175000000000000,47.555471,47.897749,5.2,1.6,4.9,4.9,16.129,0.095,15.716,0.208
509777000000000000,55.18624,50.744661,2.0,-5.4,6.0,6.0,16.18,0.088,15.319,0.163
410003000000000000,46.780155,48.701274,-7.1,4.4,6.2,6.2,16.949,0.202,15.699,0.204
506399000000000000,52.524927,52.582894,-9.9,-5.2,6.1,6.1,16.399,0.136,15.437,0.19
412358000000000000,50.760661,49.801523,4.7,-7.2,6.6,6.6,      ,      ,      ,
509636000000000000,54.835585,51.990928,-4.5,-11.8,6.0,6.0,16.342,0.106,15.313,0.18
409531000000000000,49.265385,52.257879,4.0,1.4,5.9,5.9,      ,      ,      ,
509240000000000000,53.750137,50.572994,6.1,2.5,7.4,7.4,      ,      ,      ,
506510000000000000,53.753275,52.379433,0.1,2.5,4.0,4.0,14.855,0.039,14.165,0.064
505815000000000000,50.270458,52.164144,-15.6,28.1,9.3,9.3,      ,      ,      ,
410847000000000000,49.536013,48.645577,-2.7,-4.6,7.2,7.2,      ,      ,      ,
409364000000000000,48.228436,51.828518,-8.5,5.3,6.1,6.1,16.421,0.115,15.369,0.15
409344000000000000,47.650274,51.949748,0.7,0.9,5.1,5.1,16.352,0.106,16.052,0.268
413966000000000000,54.117428,49.278268,-17.2,-7.2,5.9,5.2,16.888,0.165,15.883,0.257
505963000000000000,51.237063,52.636682,-4.0,-11.1,5.5,5.5,15.433,0.059,14.317,0.075
412079000000000000,53.046692,46.860326,-7.5,-3.4,5.5,5.5,      ,      ,      ,
410373000000000000,48.8218,47.933296,7.9,2.1,5.5,5.5,      ,      ,      ,
411095000000000000,48.589038,47.415428,-1.9,1.5,4.5,4.5,15.968,0.088,15.315,0.156
505663000000000000,50.37837,52.696623,4.7,0.8,6.5,6.5,16.621,0.135,16.215,
410545000000000000,47.674967,49.575313,-6.8,-1.4,5.7,5.7,16.57,0.124,15.138,0.113
411518000000000000,49.307165,47.695326,-1.5,-4.2,5.6,5.6,      ,      ,      ,
414161000000000000,54.783628,47.836775,-4.5,1.3,7.0,7.0,      ,      ,      ,
412648000000000000,49.924602,50.527386,1.0,-14.8,5.3,5.3,16.598,0.151,16.124,
410662000000000000,49.051975,49.152031,3.6,-0.2,5.7,5.7,      ,      ,      ,
413834000000000000,53.578827,49.018005,-4.6,-5.4,4.4,4.4,15.805,0.064,15.131,0.121
413885000000000000,53.718047,48.828859,-0.9,-2.6,4.2,4.2,15.314,0.055,14.898,0.112
414049000000000000,55.106242,48.818993,4.8,-5.0,8.1,8.1,      ,      ,      ,
413513000000000000,52.475506,47.501411,-4.7,2.0,8.1,8.1,      ,      ,      ,
410597000000000000,48.470063,49.687261,-1.4,1.1,4.1,4.1,15.664,0.065,14.84,0.097
409084000000000000,48.145835,50.249074,7.0,-6.7,4.4,4.4,15.958,0.076,15.189,0.131
505828000000000000,50.338854,51.94372,80.6,63.7,5.4,5.4,15.416,0.058,14.803,0.108
413972000000000000,54.207039,49.354543,0.9,-5.5,5.9,5.9,      ,      ,      ,
413356000000000000,51.810265,48.719327,-4.1,-3.5,5.9,5.9,      ,      ,      ,
411996000000000000,52.083431,47.173206,41.6,-9.2,9.3,9.3,      ,      ,      ,
412270000000000000,49.824168,50.397451,-9.2,-21.7,6.2,6.2,16.183,0.106,15.416,0.187
410326000000000000,48.148184,47.649063,-3.5,1.5,5.5,5.5,      ,      ,      ,
409080000000000000,47.92776,50.212048,12.8,-9.6,4.1,4.1,14.883,0.043,14.33,0.06
412918000000000000,52.377936,50.629971,3.1,-0.5,5.1,5.1,16.421,0.11,15.799,0.218
410925000000000000,50.047107,48.449391,27.3,-67.7,7.3,7.3,      ,      ,      ,
413793000000000000,52.918963,48.725572,-3.1,-0.8,4.0,4.0,13.867,0.028,13.366,0.028
410548000000000000,47.871661,49.545409,-1.4,-6.2,4.1,4.1,15.367,0.047,14.677,0.09
509529000000000000,54.310934,51.790264,-50.5,21.8,9.3,9.3,      ,      ,      ,
413753000000000000,54.191573,47.404074,-4.5,-2.2,4.9,4.9,15.973,0.089,15.524,0.204
412066000000000000,52.740578,46.882523,49.1,-36.4,7.5,7.5,      ,      ,      ,
411685000000000000,50.586819,47.911427,0.9,2.1,6.1,6.1,16.054,0.086,15.322,0.162
410630000000000000,48.656228,49.071942,-2.5,0.8,4.5,4.5,15.68,0.078,15.237,0.153
509588000000000000,54.776427,51.759377,-3.1,-8.5,4.0,4.0,14.525,0.029,13.927,0.045
414074000000000000,54.16368,47.932561,-6.2,3.3,7.0,7.0,      ,      ,      ,
510213000000000000,55.636397,50.054268,-9.0,9.3,4.1,4.1,15.054,0.068,14.441,0.101
411839000000000000,51.12362,47.054968,2.9,-14.6,4.0,4.0,14.978,0.036,13.987,0.053
509545000000000000,54.071144,51.403252,-274.8,-74.9,7.8,7.8,      ,      ,      ,
509443000000000000,55.11679,50.387194,-7.4,-9.7,4.4,4.4,16.17,0.106,15.114,0.142
505835000000000000,50.640357,51.892526,-0.7,1.7,4.9,4.9,16.398,0.125,15.47,0.197
509402000000000000,54.435412,50.429144,-4.9,-8.1,5.1,5.1,16.43,0.123,15.7,
407571000000000000,47.777165,50.01728,0.5,0.0,6.9,6.9,      ,      ,      ,
410842000000000000,49.367355,48.733735,3.5,2.1,7.6,7.6,      ,      ,      ,
409357000000000000,48.177017,51.66119,-10.3,-33.3,4.6,5.2,16.247,0.109,15.262,0.134
412563000000000000,51.372802,49.329805,-1.8,-6.5,5.9,5.9,      ,      ,      ,
412417000000000000,50.361588,49.093548,-4.5,-2.7,6.5,6.5,17.259,0.23,16.221,0.34
412750000000000000,50.92656,50.420215,-300.2,0.6,7.4,7.4,      ,      ,      ,
506504000000000000,53.704926,52.324724,0.3,-5.1,4.1,4.1,15.247,0.05,14.347,0.065
510267000000000000,56.031585,49.14237,0.4,-1.1,4.9,4.9,16.695,0.156,15.572,0.223
413190000000000000,53.394103,49.740159,-3.4,-9.7,5.0,5.0,16.448,0.115,15.687,0.193
410804000000000000,49.490271,48.197382,6.1,-6.1,4.8,4.8,16.66,0.175,15.496,0.21
413283000000000000,51.67288,47.936561,6.6,-6.0,6.0,6.0,16.199,0.096,15.335,0.15
412750000000000000,50.963197,50.319173,-1.6,-5.4,4.1,4.1,13.563,0.026,12.697,0.022
412123000000000000,48.650286,50.188671,-4.4,-7.5,6.9,6.9,      ,      ,      ,
414156000000000000,54.664457,47.940303,46.1,-22.6,7.2,7.2,      ,      ,      ,
414262000000000000,55.059743,48.00389,-11.8,-2.3,5.9,5.9,      ,      ,      ,
411921000000000000,52.033158,46.762085,-7.3,9.3,9.3,9.3,      ,      ,      ,
409583000000000000,48.807496,51.549822,-0.6,-5.6,4.1,4.1,14.051,0.031,13.496,0.043
412166000000000000,49.295789,49.547773,-1.2,0.6,5.8,5.8,      ,      ,      ,
508965000000000000,52.386793,51.197782,2.1,-2.6,9.3,9.3,      ,      ,      ,
412266000000000000,49.631169,50.517074,1.7,-0.4,6.2,6.2,16.327,0.124,15.581,
412239000000000000,49.33286,50.044829,11.8,-0.6,9.0,9.0,      ,      ,      ,
508956000000000000,52.289846,51.511467,2.3,-2.9,9.3,9.3,      ,      ,      ,
408987000000000000,46.857617,50.717425,1.9,-8.0,5.5,5.5,      ,      ,      ,
409644000000000000,49.613982,50.927751,-5.7,4.1,8.1,8.1,      ,      ,      ,
412719000000000000,50.648583,50.146534,0.5,-7.0,7.1,7.1,      ,      ,      ,
414202000000000000,54.73855,48.587524,-16.0,-6.4,5.9,5.9,      ,      ,      ,
409203000000000000,48.614354,50.564232,-19.8,-24.6,5.5,5.5,16.153,0.105,14.656,
411780000000000000,51.563149,47.846067,3.6,-10.2,5.9,5.9,      ,      ,      ,
413134000000000000,53.246513,50.019851,-1.8,-2.4,5.9,5.9,      ,      ,      ,
509087000000000000,52.969829,51.828044,6.1,10.4,8.1,8.1,      ,      ,      ,
509396000000000000,54.83311,50.640241,-24.9,-28.4,9.3,9.3,      ,      ,      ,
509758000000000000,54.817563,51.036516,-13.0,-4.7,5.9,4.8,16.44,0.124,15.42,0.194
410870000000000000,49.55578,48.71169,1.7,-1.5,4.1,4.1,15.651,0.078,14.801,0.115
411692000000000000,50.840764,47.874658,-1.7,-3.9,5.1,5.1,16.313,0.119,15.85,
510083000000000000,54.925838,49.681198,-1.0,1.8,5.8,5.8,16.935,0.186,15.178,0.162
409468000000000000,48.666376,52.731924,-0.1,-18.4,4.1,4.1,13.961,0.029,12.928,0.033
409371000000000000,47.946464,52.029228,3.5,0.6,4.5,4.5,15.88,0.067,15.225,0.127
410038000000000000,47.029422,48.859424,0.6,4.8,4.0,4.0,14.435,0.03,13.672,0.037
409256000000000000,49.381604,50.542583,-39.3,6.8,7.1,7.1,      ,      ,      ,
412319000000000000,50.258158,49.72269,7.3,-9.3,4.5,4.5,15.898,0.091,15.26,0.155
413857000000000000,53.356061,48.425563,13.8,-4.8,8.0,8.0,      ,      ,      ,
510121000000000000,54.991414,49.00082,0.5,-6.3,5.1,5.1,16.263,0.105,15.824,
505825000000000000,50.434575,52.180227,-5.4,1.5,7.3,7.3,      ,      ,      ,
509272000000000000,53.782924,50.043039,-2.4,-5.2,5.9,5.9,      ,      ,      ,
409576000000000000,49.044964,51.376717,-7.5,-9.2,4.0,4.0,11.353,0.019,11.059,0.019
509394000000000000,54.848639,50.780185,-343.6,222.0,6.4,6.4,      ,      ,      ,
410775000000000000,49.425329,47.860645,3.8,16.8,9.3,9.3,      ,      ,      ,
509016000000000000,52.75793,51.035766,3.7,-2.5,5.9,5.9,      ,      ,      ,
510248000000000000,55.723851,49.453709,-0.6,-3.0,7.4,7.4,      ,      ,      ,
413574000000000000,53.125284,47.178756,6.3,-0.6,4.1,4.1,12.448,0.025,11.694,0.021
411957000000000000,51.574319,47.094052,3.6,-18.4,4.7,4.7,16.388,0.112,15.424,0.168
510333000000000000,55.607561,48.498046,11.7,-8.8,4.0,4.0,11.841,0.022,11.401,0.021
410221000000000000,47.699468,47.578717,-37.1,-6.1,6.9,6.9,      ,      ,      ,
505848000000000000,50.560362,52.360998,61.5,44.1,29.1,29.1,16.738,0.165,15.828,
410815000000000000,48.834113,48.848605,20.4,-15.8,4.1,4.1,14.563,0.037,13.644,0.04
412176000000000000,49.542596,49.247276,24.4,73.0,7.2,7.2,      ,      ,      ,
410865000000000000,49.620384,48.95518,35.4,43.2,8.5,8.5,      ,      ,      ,
410725000000000000,48.910592,48.624834,6.8,5.9,5.8,5.8,      ,      ,      ,
411443000000000000,50.872296,46.601289,-12.7,-4.2,7.4,7.4,      ,      ,      ,
409324000000000000,47.80378,52.202274,224.9,-182.4,7.3,7.3,      ,      ,      ,
410066000000000000,47.100289,48.404291,0.3,3.0,4.1,4.1,14.784,0.038,14.394,0.066
411171000000000000,49.469524,46.918556,25.0,-46.0,3.9,3.9,12.167,0.03,11.653,0.028
413036000000000000,52.455354,49.487331,-6.1,-12.6,5.6,5.6,16.28,0.128,17.033,
508988000000000000,52.383626,51.029507,-1.2,-6.4,4.0,4.0,14.09,0.031,13.092,0.033
409182000000000000,48.468312,50.966832,3.7,-5.1,7.2,7.2,      ,      ,      ,
411122000000000000,49.122261,47.280699,13.6,23.3,4.9,4.9,16.693,0.133,15.89,0.224
412348000000000000,50.526084,49.714952,-3.9,3.7,7.4,7.4,      ,      ,      ,
412144000000000000,49.219311,50.009361,-0.7,-3.1,4.0,4.0,11.409,0.02,11.075,0.018
508945000000000000,52.014021,51.543156,7.6,-4.5,5.9,5.9,      ,      ,      ,
413667000000000000,53.338494,47.964408,189.4,-82.2,7.4,7.9,      ,      ,      ,
409469000000000000,48.715359,52.764601,9.4,0.2,5.6,5.6,      ,      ,      ,
411821000000000000,51.014362,46.730508,-5.5,3.0,5.7,5.7,      ,      ,      ,
509205000000000000,53.361495,50.404898,5.1,-3.1,5.9,5.9,      ,      ,      ,
411577000000000000,50.282159,47.664249,1.6,12.9,5.6,5.6,      ,      ,      ,
509330000000000000,53.688668,50.763391,-0.3,-6.3,4.1,4.1,15.361,0.065,14.497,0.076
409035000000000000,47.575276,50.937928,5.0,4.4,4.0,4.0,15.053,0.038,14.237,0.059
412011000000000000,51.952819,46.881919,1.1,-0.9,4.7,4.7,15.715,0.046,15.426,0.157
510251000000000000,55.857428,49.415909,9.8,-10.5,5.8,5.8,16.192,0.104,15.136,0.145
413037000000000000,52.447512,49.469993,-2.6,-8.0,9.3,9.3,      ,      ,      ,
409101000000000000,48.170547,50.642433,8.4,-1.9,4.0,4.0,14.125,0.023,13.416,0.03
509137000000000000,53.382002,50.953852,44.7,-28.1,8.0,8.0,      ,      ,      ,
413689000000000000,53.678872,47.913938,-1.6,-7.1,4.1,4.1,15.216,0.049,14.498,0.066
509795000000000000,55.398594,51.146901,-5.1,-7.9,4.0,4.0,12.322,0.021,11.258,0.023
409560000000000000,48.676588,51.406118,-39.9,-46.3,7.4,7.4,      ,      ,      ,
509563000000000000,54.405377,51.235964,-3.7,-5.1,4.1,4.1,14.761,0.039,14.109,0.06
411005000000000000,48.618432,47.266814,74.7,17.4,7.9,7.9,      ,      ,      ,
506077000000000000,52.505676,52.083452,-0.7,-1.9,4.0,4.0,15.124,0.05,14.145,0.061
506380000000000000,52.094637,52.773234,-2.0,0.1,5.5,5.5,15.84,0.092,14.794,0.105
409393000000000000,48.582993,51.677988,271.5,-19.8,7.8,7.8,      ,      ,      ,
410696000000000000,48.519185,48.184642,0.4,-4.9,9.1,9.1,      ,      ,      ,
410885000000000000,49.45227,48.385367,3.1,0.5,5.6,5.6,      ,      ,      ,
410490000000000000,47.863306,48.799346,-6.0,-4.3,4.0,4.0,15.027,0.082,14.29,0.069
510041000000000000,54.373275,49.526737,0.3,-3.5,5.4,5.4,16.416,0.116,16.202,
410020000000000000,46.691167,49.108823,-3.8,2.2,4.8,4.8,16.779,0.153,15.625,
409484000000000000,48.754741,52.077291,-5.8,0.6,5.9,5.9,      ,      ,      ,
410842000000000000,49.334671,48.724348,-212.4,-198.0,7.6,7.6,      ,      ,      ,
412562000000000000,51.269087,49.423897,-0.5,-1.9,4.1,4.1,13.377,0.025,12.961,0.029
414206000000000000,54.862893,48.506882,-434.1,-327.1,8.1,8.1,      ,      ,      ,
506471000000000000,53.203933,52.292571,1.3,-2.9,4.9,4.9,16.42,0.101,15.682,0.202
510198000000000000,55.479536,49.65482,-3.3,-12.3,5.9,5.9,      ,      ,      ,
412798000000000000,51.103453,50.916879,-5.2,6.6,5.9,5.9,      ,      ,      ,
411070000000000000,49.060729,46.992123,-5.9,-8.9,7.4,7.4,      ,      ,      ,
412762000000000000,51.243347,50.372691,-16.3,-51.2,5.6,5.6,15.881,0.085,14.71,0.1
414134000000000000,54.584315,47.797122,16.6,-16.9,5.7,5.7,16.09,0.108,15.025,0.133
411232000000000000,50.300365,46.950025,-2.2,-6.4,5.7,5.7,      ,      ,      ,
412571000000000000,51.523481,49.488758,3.0,1.4,4.9,4.9,16.134,0.101,15.496,0.195
508909000000000000,51.579041,51.279127,0.4,-9.1,9.3,9.3,      ,      ,      ,
412626000000000000,51.752373,48.973658,5.8,-6.2,5.2,5.2,16.256,0.106,15.907,
413878000000000000,53.62589,48.74413,-4.8,-12.5,4.0,4.0,13.581,0.024,13.044,0.029
413353000000000000,51.87012,48.661154,-0.6,-17.4,5.1,5.1,16.352,0.137,15.809,0.263
412151000000000000,48.872779,49.515753,-4.1,1.1,4.1,4.1,15.435,0.057,14.386,0.076
411675000000000000,50.322702,47.856085,-5.0,-6.8,4.4,4.4,16.36,0.138,15.13,
510221000000000000,55.761704,50.122724,-272.1,-192.9,5.9,5.9,      ,      ,      ,
409792000000000000,50.799186,51.128637,3.9,-5.9,4.1,4.1,14.578,0.032,13.73,0.049
413388000000000000,52.194184,48.795626,2.5,-3.7,5.9,5.9,      ,      ,      ,
409759000000000000,49.887733,51.448386,-1.4,-2.2,5.9,5.9,      ,      ,      ,
407526000000000000,47.068441,49.816083,-0.7,1.4,4.6,4.6,16.702,0.133,15.357,0.14
409106000000000000,48.375737,50.489839,6.3,-5.7,5.5,5.5,      ,      ,      ,
410936000000000000,50.078611,48.434432,-1.5,-1.2,4.7,4.7,16.305,0.105,15.464,0.154
509176000000000000,53.99599,51.007791,-4.7,-7.7,4.1,4.1,15.479,0.055,14.631,0.06
409708000000000000,49.627976,51.596364,-2.2,-3.1,4.2,4.2,15.171,0.051,14.623,0.097
411163000000000000,49.656738,47.411911,-0.3,2.9,4.2,4.2,15.343,0.061,14.801,0.111
509609000000000000,55.205559,51.465587,-48.8,303.4,8.0,8.0,      ,      ,      ,
414215000000000000,54.968723,48.242911,-1.6,-0.8,5.4,5.4,16.389,0.117,16.376,
412564000000000000,51.2793,49.535896,-1.4,-3.8,4.1,4.1,14.538,0.033,14.191,0.069
510142000000000000,55.249162,49.336603,5.5,-12.9,4.1,4.1,15.25,0.046,14.251,0.077
509257000000000000,54.021254,50.45838,-0.5,-5.1,4.0,4.0,13.536,0.028,12.631,0.024
412982000000000000,52.067202,49.601429,-4.2,1.3,5.9,5.9,      ,      ,      ,
506456000000000000,52.904549,52.587132,127.6,-425.6,7.8,7.8,      ,      ,      ,
506014000000000000,52.027387,52.52193,-2.5,-9.1,5.7,5.7,16.628,0.161,15.153,0.144
409550000000000000,48.491351,51.429301,8.1,2.0,6.1,6.1,16.419,0.121,15.273,0.141
510048000000000000,54.552031,49.564728,3.4,-3.5,4.2,4.2,15.291,0.05,14.783,0.109
411151000000000000,49.379042,47.390829,-1.1,-3.7,4.8,4.8,16.953,0.197,15.623,0.182
414126000000000000,54.375456,47.674182,-4.2,0.9,5.9,5.9,      ,      ,      ,
410877000000000000,49.729162,48.895506,-149.3,-93.2,8.1,8.1,      ,      ,      ,
409449000000000000,48.491078,52.72941,3.6,1.6,5.3,5.3,16.317,0.111,16.26,
409030000000000000,47.375312,51.071996,4.0,-3.0,4.1,4.1,15.619,0.071,14.86,0.094
412892000000000000,51.837308,50.778827,2.5,-8.1,4.7,4.7,16.344,0.135,15.366,
410437000000000000,47.204078,49.509499,19.4,-4.8,7.7,7.7,      ,      ,      ,
413976000000000000,54.345215,49.179958,-4.5,-7.9,4.9,4.9,16.311,0.113,15.517,0.174
410834000000000000,49.205796,48.598743,-311.9,-416.1,7.1,7.1,      ,      ,      ,
409793000000000000,50.299862,51.5409,2.7,0.1,4.1,4.1,15.181,0.048,14.583,0.069
409179000000000000,48.336344,51.083686,5.5,-6.7,4.0,4.0,14.279,0.027,13.622,0.034
509234000000000000,53.51505,50.679847,5.4,-6.7,6.4,6.4,16.539,0.132,15.702,0.193
409168000000000000,48.029676,51.367226,14.7,0.4,5.6,5.6,      ,      ,      ,
410280000000000000,47.871492,48.026719,-0.6,-28.4,5.5,5.5,      ,      ,      ,
509105000000000000,53.272865,51.524601,-1.0,-14.3,4.2,4.2,15.85,0.062,14.861,0.092
413301000000000000,51.995007,47.702858,-4.7,-2.9,6.7,6.7,16.694,0.148,16.046,
410884000000000000,49.374445,48.454583,15.6,-30.6,4.1,4.1,15.791,0.075,14.639,0.089
409651000000000000,49.950296,50.870039,1.0,-3.0,4.1,4.1,13.389,0.025,12.79,0.025
412138000000000000,49.111157,49.811163,-3.4,-1.9,4.1,4.1,15.29,0.053,14.509,0.08
509326000000000000,54.647161,49.88263,-0.9,-8.5,6.3,6.3,16.525,      ,15.534,
509379000000000000,54.578133,50.876979,16.3,-7.0,5.5,5.5,15.299,0.056,14.322,0.082
410238000000000000,48.085604,47.299158,175.2,-291.5,7.0,7.0,      ,      ,      ,
412526000000000000,50.855632,49.257468,20.9,-5.2,5.0,5.0,16.658,0.166,15.573,0.204
412465000000000000,50.902409,48.621902,5.6,0.6,5.9,5.9,      ,      ,      ,
410970000000000000,48.28035,47.133054,-3.6,-4.7,4.2,4.2,16.044,0.085,15.033,0.116
410587000000000000,48.149065,49.629194,-1.4,-1.5,4.0,4.0,12.841,0.023,12.409,0.025
505841000000000000,50.716676,51.931162,-0.5,1.2,7.1,7.1,      ,      ,      ,
506050000000000000,52.290879,51.910276,-134.3,-314.1,7.8,7.8,      ,      ,      ,
410844000000000000,49.408661,48.63043,3.0,-3.3,7.4,7.4,      ,      ,      ,
509235000000000000,53.550303,50.773553,0.4,-13.1,5.0,5.0,16.652,0.13,15.683,0.204
409785000000000000,50.461431,51.223479,-7.7,-2.4,4.1,4.1,15.378,0.07,14.994,0.131
410462000000000000,47.310345,48.80717,-1.6,-0.6,5.5,5.5,      ,      ,      ,
510096000000000000,55.098066,49.557755,-0.8,-5.0,4.1,4.1,14.792,0.042,14.467,0.079
409287000000000000,47.268318,51.956354,2.7,-2.9,4.9,4.9,16.436,0.117,15.574,0.167
505651000000000000,50.263688,52.797669,-0.7,-0.3,3.9,3.9,14.278,0.029,13.269,0.024
412542000000000000,50.868338,49.501979,5.0,-3.9,4.2,4.2,15.444,0.056,14.701,0.091
414017000000000000,54.303131,49.091752,0.3,15.6,8.0,8.0,      ,      ,      ,
509072000000000000,52.957969,51.359777,-15.4,-9.8,5.0,5.0,16.701,0.147,15.699,0.165
414210000000000000,54.7643,48.322451,12.5,-1.9,7.2,7.2,      ,      ,      ,
412280000000000000,49.978386,50.230651,0.3,-3.8,4.3,4.3,15.643,0.069,14.748,0.102
510122000000000000,55.031536,48.974814,-3.1,-4.8,5.9,5.9,      ,      ,      ,
409485000000000000,48.587511,52.348071,7.7,-1.8,4.1,4.1,15.04,0.049,14.131,0.066
408992000000000000,46.840079,50.797452,2.1,-2.5,5.0,5.0,16.474,0.114,15.947,0.242
412175000000000000,49.419014,49.320328,5.1,-3.7,6.4,6.4,16.376,0.12,15.459,0.183
509299000000000000,54.033783,50.046902,35.3,-5.0,5.3,5.3,13.796,0.029,13.189,0.033
506089000000000000,52.903371,52.003403,-7.6,5.3,4.1,4.1,15.395,0.051,14.646,0.064
412779000000000000,51.481947,50.166897,-8.4,-0.7,4.2,4.2,14.941,0.04,14.63,0.095
407401000000000000,46.239571,49.789941,0.5,-4.5,4.0,4.0,15.296,0.049,14.224,0.05
408877000000000000,46.899251,51.66963,-0.8,7.0,5.2,5.2,16.622,0.14,16.205,
410241000000000000,48.188718,47.367646,11.9,-27.4,6.0,6.2,15.721,      ,15.405,0.152
508965000000000000,52.398438,51.116407,4.0,21.4,4.0,4.0,13.086,0.03,12.79,0.034
409586000000000000,48.882197,51.489196,0.5,7.5,8.1,8.1,      ,      ,      ,
412074000000000000,52.878904,47.011656,-7.1,-5.8,4.2,4.2,15.738,0.066,15.005,0.131
412879000000000000,51.915771,50.221047,2.7,-2.9,4.1,4.1,14.957,0.043,14.603,0.085
413742000000000000,53.990506,47.728541,6.0,-10.5,5.7,5.7,      ,      ,      ,
408943000000000000,47.442254,51.400399,8.4,-3.0,4.0,4.0,11.905,0.023,10.889,0.026
506046000000000000,52.260892,51.718034,3.5,-3.1,6.2,6.2,16.743,0.156,15.459,
410081000000000000,47.153019,48.623158,0.3,3.1,4.0,4.0,12.96,0.023,12.111,0.019
412049000000000000,52.378778,46.963965,7.1,-12.1,4.0,4.0,14.079,0.031,13.158,0.028
411702000000000000,50.631431,48.268414,-2.3,-1.2,5.1,5.1,16.4,0.125,15.789,
509619000000000000,54.345391,52.413645,-11.5,8.0,7.8,7.8,      ,      ,      ,
412145000000000000,49.235451,49.990849,-5.8,4.9,4.3,4.3,15.802,0.098,15.067,0.135
510331000000000000,55.751336,48.746347,-2.3,-17.1,4.0,4.0,15.232,0.073,13.934,0.071
509120000000000000,53.045105,51.280983,-224.7,-295.8,8.1,8.1,      ,      ,      ,
412259000000000000,49.431979,50.463459,5.0,-4.2,4.6,4.6,15.876,0.082,15.325,0.156
409147000000000000,48.013529,50.787261,-0.6,-3.1,5.5,5.5,      ,      ,      ,
409328000000000000,47.800819,52.391693,5.2,3.3,5.0,5.0,16.233,0.102,15.692,
407430000000000000,46.943306,49.74133,-4.2,5.4,5.5,5.5,      ,      ,      ,
413886000000000000,53.771088,48.813284,-1.2,-20.0,8.1,8.1,      ,      ,      ,
510132000000000000,55.263745,49.095216,4.1,-4.3,9.3,9.3,      ,      ,      ,
410903000000000000,49.773744,48.281835,0.6,0.1,5.6,5.6,      ,      ,      ,
509246000000000000,53.711591,50.313371,-1.1,-2.9,6.6,6.6,      ,      ,      ,
414093000000000000,54.326729,48.229131,2.9,-16.9,4.1,4.1,15.417,0.085,14.484,0.096
412669000000000000,50.238943,50.506407,-1.1,4.6,5.1,5.1,16.588,0.147,15.811,0.226
509208000000000000,53.216944,50.209682,22.6,25.8,4.0,4.0,13.555,0.035,13.42,0.037
410848000000000000,49.635706,48.627105,3.1,-4.7,5.8,5.8,      ,      ,      ,
409590000000000000,49.12352,51.51888,-1.1,-5.7,5.9,5.9,      ,      ,      ,
413760000000000000,54.305479,47.540651,8.8,-5.3,5.5,5.5,      ,      ,      ,
408972000000000000,47.773472,51.354992,-31.0,27.9,8.1,8.1,      ,      ,      ,
411010000000000000,48.674624,47.090139,66.0,-16.9,9.1,9.1,      ,      ,      ,
409572000000000000,49.100577,51.145486,2.1,-5.9,4.1,4.1,14.613,0.033,14.14,0.061
509867000000000000,55.950492,50.887783,-20.1,16.1,8.7,8.7,      ,      ,      ,
412012000000000000,51.954164,46.986635,-2.5,-2.2,4.0,4.0,13.755,0.03,13.306,0.031
410686000000000000,48.285449,48.494755,-1.1,3.7,4.0,4.0,13.154,0.023,12.449,0.024
413533000000000000,52.735893,47.799386,-18.2,42.3,5.9,5.9,      ,      ,      ,
412673000000000000,50.517533,50.499156,-10.2,-9.6,4.0,4.0,15.26,0.048,14.4,0.071
510221000000000000,55.715639,50.154612,-5.0,-1.2,7.4,7.4,      ,      ,      ,
413652000000000000,53.312161,47.658416,-3.2,-2.7,5.9,5.9,      ,      ,      ,
506076000000000000,52.560264,52.010967,1.3,0.5,4.0,4.0,14.542,0.041,13.614,0.043
409558000000000000,48.583354,51.582671,64.7,23.5,9.1,9.1,      ,      ,      ,
410577000000000000,47.933728,49.900984,0.4,0.3,4.0,4.0,13.805,0.034,13.082,0.037
408919000000000000,46.955588,51.329925,15.9,-24.8,9.0,9.0,      ,      ,      ,
409435000000000000,48.373577,52.537915,-50.5,-84.7,9.3,9.3,      ,      ,      ,
411583000000000000,50.270912,47.70423,-5.1,9.1,5.5,5.5,13.895,      ,14.728,0.113
506022000000000000,51.593996,52.062104,-4.9,2.2,5.9,5.9,16.576,0.141,15.136,0.142
412270000000000000,49.780211,50.362922,0.4,-0.7,4.0,4.0,14.756,0.037,14.178,0.066
506072000000000000,52.58838,52.222817,-3.2,-1.4,4.2,4.2,15.347,0.059,14.836,0.093
412241000000000000,49.442893,50.039711,28.0,16.3,8.1,8.1,      ,      ,      ,
409808000000000000,50.781488,51.581882,-102.4,-684.3,7.4,7.4,      ,      ,      ,
412701000000000000,50.790457,50.477825,9.4,-7.4,4.1,4.1,13.473,0.022,12.903,0.025
414089000000000000,54.228797,48.309604,-2.4,-1.7,7.4,7.4,      ,      ,      ,
505666000000000000,50.476251,52.514024,2.1,78.9,8.3,8.3,      ,      ,      ,
409738000000000000,50.131144,52.025661,4.7,-8.7,5.9,5.9,      ,      ,      ,
408976000000000000,47.747684,51.514952,2.1,-5.3,4.1,4.1,14.205,0.028,13.513,0.028
411590000000000000,50.023631,47.411481,-8.2,3.5,5.6,5.6,      ,      ,      ,
409589000000000000,49.011003,51.591226,-3.1,-1.5,4.3,4.3,15.529,0.063,14.854,0.104
412837000000000000,51.464051,50.858044,7.6,-5.9,7.4,7.4,      ,      ,      ,
510136000000000000,55.418508,48.967407,-14.3,-5.1,8.1,8.1,      ,      ,      ,
412780000000000000,51.652189,50.10733,-4.4,-1.3,4.1,4.1,15.262,0.046,14.678,0.085
412868000000000000,51.718315,50.49153,-8.4,3.0,6.6,6.6,      ,      ,      ,
412919000000000000,52.43666,50.560646,-3.0,-4.0,5.2,5.2,16.203,0.145,15.894,
505805000000000000,51.395719,53.049542,42.9,-23.2,9.3,9.3,      ,      ,      ,
407493000000000000,46.776818,50.228258,0.5,-8.6,4.3,4.3,15.902,0.066,15.076,0.111
505853000000000000,50.781106,52.315069,3.3,-6.9,4.3,4.3,15.718,0.067,15.043,0.126
508964000000000000,52.480276,51.248112,-0.4,-6.5,5.5,5.5,15.62,0.08,15.005,0.129
412395000000000000,50.37287,48.906224,0.1,-3.8,4.1,4.1,15.501,0.055,14.917,0.101
509506000000000000,53.751459,52.119809,-2.5,-7.0,4.0,4.0,14.602,0.034,13.587,0.04
509228000000000000,53.3423,50.531489,-1.2,-4.8,4.6,4.6,15.703,0.062,15.299,0.129
409359000000000000,48.16121,51.578746,80.4,106.3,7.9,7.9,      ,      ,      ,
413334000000000000,52.338424,47.824478,1.3,-4.7,4.0,4.0,14.202,0.034,13.213,0.029
409467000000000000,48.651245,52.686524,-0.3,4.8,4.4,4.4,15.645,0.073,15.073,0.137
509104000000000000,53.357142,51.574193,2.5,6.5,7.9,7.9,16.734,0.142,16.881,
411802000000000000,50.714127,47.026719,0.9,0.1,4.9,4.9,16.382,0.135,15.561,
508936000000000000,52.127743,51.177549,-9.6,-11.2,5.9,5.9,      ,      ,      ,
510041000000000000,54.36999,49.477363,1.0,-15.0,4.1,4.1,13.662,0.029,12.986,0.031
410907000000000000,49.962501,48.136014,-4.3,-1.7,4.2,4.2,15.382,0.049,14.683,0.093
409201000000000000,48.471648,50.596528,-10.8,11.4,6.9,6.9,      ,      ,      ,
411981000000000000,51.902867,47.388229,17.1,-22.8,1.2,1.2,9.722,0.026,9.403,0.019
413313000000000000,51.937544,48.087323,0.0,-8.9,7.2,7.2,      ,      ,      ,
410694000000000000,48.514737,48.293541,9.3,-10.5,4.0,4.0,12.72,0.024,11.943,0.027
509396000000000000,54.817847,50.731909,-0.6,-6.4,4.2,4.2,15.071,0.05,14.626,0.086
413405000000000000,52.535719,48.473184,7.7,4.8,4.2,4.2,15.867,0.092,14.955,0.129
410755000000000000,48.946721,48.183177,0.1,-4.1,5.3,5.3,16.393,0.143,16.314,
411879000000000000,51.390714,46.740564,-0.7,-0.8,5.7,5.7,      ,      ,      ,
414118000000000000,54.768627,48.056281,-4.0,-6.8,5.9,5.9,      ,      ,      ,
412945000000000000,51.594672,49.575278,0.8,-9.4,4.2,4.2,15.164,0.052,14.75,0.106
509276000000000000,54.018022,50.014119,-4.1,-12.5,4.2,4.2,15.826,0.067,14.901,0.102
505895000000000000,51.104412,51.749018,4.4,-6.4,4.1,4.1,11.198,0.02,10.713,0.018
509817000000000000,55.777927,51.103346,5.5,10.4,4.0,4.0,13.399,0.046,12.875,0.052
413253000000000000,51.579637,48.572194,-6.9,-4.6,5.9,5.9,      ,      ,      ,
505936000000000000,51.67466,51.649023,-13.6,-8.6,7.0,7.0,16.622,0.134,16.685,
509000000000000000,52.653188,50.5561,-37.1,-17.1,4.1,4.1,15.027,0.048,14.362,0.086
413047000000000000,52.756553,49.554537,-7.6,-12.6,4.0,4.0,13.949,0.028,13.43,0.028
409072000000000000,47.80188,50.069284,-1.0,0.3,6.9,6.9,      ,      ,      ,
407383000000000000,46.216173,49.430959,0.8,1.5,4.0,4.0,14.321,0.03,13.777,0.036
510194000000000000,55.341972,49.787862,-4.9,-12.0,8.7,8.7,      ,      ,      ,
413429000000000000,52.586217,48.384794,5.9,0.7,9.3,9.3,      ,      ,      ,
410019000000000000,46.617149,49.073672,0.9,-2.1,6.3,6.3,16.988,0.169,15.83,0.208
407457000000000000,46.425994,50.188877,6.7,4.1,4.0,4.0,12.482,0.022,12.03,0.022
412885000000000000,52.006109,50.301343,-7.2,0.5,4.2,4.2,15.721,0.08,14.868,0.103
409737000000000000,50.09479,51.920645,8.8,3.0,5.6,5.6,      ,      ,      ,
413428000000000000,52.502989,48.449747,-1.7,-3.3,5.9,5.9,      ,      ,      ,
505879000000000000,51.334792,52.121148,10.0,-8.5,7.2,7.2,      ,      ,      ,
410889000000000000,49.645431,48.303045,21.7,2.3,4.1,4.1,14.764,0.04,14.054,0.063
506501000000000000,53.6133,52.371754,0.7,-5.2,4.0,4.0,14.212,0.035,13.27,0.029
409261000000000000,49.349901,50.631516,-17.9,-20.2,4.2,4.2,16,0.098,14.912,0.112
413409000000000000,52.559304,48.677046,-5.1,-3.8,4.0,4.0,14.089,0.033,13.606,0.046
411440000000000000,50.73448,46.785028,-6.5,-5.1,5.7,5.7,      ,      ,      ,
510137000000000000,55.434796,49.032861,2.4,4.1,4.7,4.7,16.544,0.148,15.403,
412432000000000000,50.180756,48.783661,-4.2,-4.6,4.2,4.2,15.783,0.063,15.06,0.107
413654000000000000,53.4612,47.616206,0.7,-0.2,5.7,5.7,      ,      ,      ,
408923000000000000,46.989219,51.483651,2.0,-1.5,4.1,4.1,13.838,0.025,13.21,0.025
505751000000000000,50.47866,53.108324,-1.8,-0.2,3.9,3.9,14.489,0.038,13.834,0.045
509047000000000000,53.438447,50.798146,-1.2,1.5,9.3,9.3,      ,      ,      ,
413359000000000000,51.977652,48.733468,2.8,-3.6,5.9,5.9,      ,      ,      ,
409431000000000000,48.365125,52.371297,5.0,0.3,4.6,4.6,15.678,0.065,15.243,0.121
413860000000000000,53.465966,48.369645,2.4,-7.6,4.0,4.0,14.236,0.033,13.486,0.037
412521000000000000,50.697423,49.254042,2.3,-0.6,7.4,7.4,      ,      ,      ,
412830000000000000,51.350165,51.233706,37.6,-25.4,4.3,4.3,15.477,0.068,14.998,0.127
413150000000000000,53.053748,49.680997,205.8,306.4,7.8,7.8,      ,      ,      ,
413484000000000000,53.344398,48.204624,12.0,-26.9,8.1,8.1,      ,      ,      ,
510166000000000000,55.691529,49.171895,-1.4,1.5,7.4,7.4,      ,      ,      ,
410079000000000000,47.082562,48.633167,-2.4,0.4,4.6,4.6,15.831,0.063,15.405,0.151
411413000000000000,50.237321,46.888526,-13.4,-6.9,9.3,9.3,      ,      ,      ,
412167000000000000,49.329996,49.498304,-5.9,7.8,7.8,7.8,      ,      ,      ,
412292000000000000,49.66977,49.82097,5.1,1.8,5.1,5.1,16.904,0.201,15.912,0.27
509048000000000000,52.309971,51.636277,13.2,-20.5,7.8,7.8,      ,      ,      ,
509606000000000000,55.114795,51.577559,-1.8,-9.6,4.0,4.0,15.176,0.049,14.112,0.063
412914000000000000,52.34266,50.465333,-4.5,-4.4,7.4,7.4,      ,      ,      ,
505957000000000000,51.182961,52.358549,-16.4,-99.7,9.0,9.0,      ,      ,      ,
411684000000000000,50.556504,47.950923,-74.8,109.1,19.9,19.9,15.77,0.319,13.087,
412617000000000000,51.61817,49.320539,36.5,-4.9,4.1,4.1,14.415,0.032,13.345,0.037
410729000000000000,48.852512,48.445034,-0.9,3.1,6.7,6.7,16.592,0.155,15.895,0.29
413671000000000000,53.500602,47.928062,-1.0,-7.4,4.9,4.9,16.431,0.136,15.543,
408956000000000000,47.509256,51.551881,-1.4,3.1,6.2,6.2,16.771,0.16,15.488,0.17
414132000000000000,54.544602,47.910786,-14.9,-12.5,4.1,4.1,14.108,0.032,13.64,0.043
505794000000000000,51.026772,52.860261,-4.2,11.2,4.1,4.1,14.656,0.039,14.155,0.067
409175000000000000,48.386946,51.339672,3.6,-7.7,4.1,4.1,15.16,0.051,14.406,0.074
409592000000000000,49.010829,51.692087,47.5,-58.1,8.1,8.1,      ,      ,      ,
412127000000000000,48.85799,50.222147,-0.4,10.6,5.5,5.5,15.071,0.046,14.711,0.094
508948000000000000,52.095631,51.337321,4.9,-42.1,5.5,5.5,15.957,      ,14.891,
505858000000000000,50.858754,52.409933,-3.7,0.6,7.0,7.0,      ,      ,      ,
412185000000000000,49.204927,49.701523,345.5,-10.0,6.9,6.0,      ,      ,      ,
410687000000000000,48.341311,48.528463,4.9,-1.6,4.0,4.0,13.719,0.027,13.1,0.032
407564000000000000,47.55938,49.871817,-105.7,42.5,9.1,9.1,      ,      ,      ,
410404000000000000,47.004705,49.32973,37.6,12.2,6.0,6.0,16.358,0.106,15.323,0.137
412052000000000000,52.529624,47.041569,0.6,-15.7,4.0,4.0,14.468,0.032,13.94,0.053
407421000000000000,46.724875,49.575788,1.2,2.7,6.4,6.4,17.042,0.184,16.03,0.249
413092000000000000,52.494902,49.964421,18.5,-2.5,4.0,4.0,14.713,0.05,14.196,0.081
409184000000000000,48.526749,51.027983,-0.6,0.1,4.2,4.2,15.531,0.062,14.944,0.113
506410000000000000,52.343761,53.019356,-114.0,82.7,7.6,7.6,      ,      ,      ,
508971000000000000,52.528554,51.378033,-16.6,-9.7,9.3,9.3,      ,      ,      ,
505900000000000000,51.165441,51.437968,-4.6,-10.5,6.6,6.6,      ,      ,      ,
509848000000000000,55.862385,50.355808,1.9,-5.9,5.9,5.9,      ,      ,      ,
508943000000000000,51.885762,51.514502,-0.4,-5.3,4.2,4.2,15.84,0.086,14.992,0.137
410831000000000000,49.055451,48.626202,-8.9,-6.1,5.6,5.6,16.243,0.113,15.063,0.136
410323000000000000,48.021498,47.838663,-8.7,4.7,5.5,5.5,      ,      ,      ,
409318000000000000,47.529551,52.23539,8.6,-0.4,7.2,7.2,      ,      ,      ,
506403000000000000,52.582832,52.719817,-7.2,-3.1,4.0,4.0,13.691,0.027,12.511,0.03
409196000000000000,48.298455,50.611928,1.2,-0.6,5.5,5.5,      ,      ,      ,
407443000000000000,46.248236,50.240589,-0.1,-0.4,4.5,4.5,15.934,0.067,15.24,0.132
413867000000000000,53.587448,48.413291,32.3,18.1,8.1,8.1,      ,      ,      ,
506424000000000000,52.830825,52.959772,144.6,-13.3,7.8,7.8,      ,      ,      ,
412679000000000000,50.151607,50.760691,3.2,-4.5,4.6,4.6,16.305,0.11,15.355,0.143
411003000000000000,48.613304,47.191684,-7.1,17.6,9.0,9.0,      ,      ,      ,
410500000000000000,47.812275,49.046606,-4.1,1.1,5.5,5.5,      ,      ,      ,
410308000000000000,48.105668,48.033988,2.6,0.6,5.5,5.5,      ,      ,      ,
410556000000000000,47.924283,49.326791,0.5,2.8,4.6,4.6,16.315,0.104,15.366,
508994000000000000,52.704037,50.890609,-3.5,-12.4,4.5,4.5,16.322,0.125,15.23,0.159
413742000000000000,53.979559,47.744893,0.5,14.6,9.3,9.3,      ,      ,      ,
413681000000000000,53.543506,47.873688,2.5,-19.0,4.7,4.7,16.099,0.085,15.345,0.146
409259000000000000,49.30899,50.807191,48.2,-37.9,7.8,7.8,      ,      ,      ,
411017000000000000,48.763159,47.136999,0.3,-0.8,4.1,4.1,15.285,0.05,14.65,0.086
413601000000000000,53.394424,47.267226,-16.0,-17.3,4.2,4.2,15.567,0.068,14.482,0.078
410399000000000000,46.924944,49.108625,-6.7,-2.8,5.5,5.5,      ,      ,      ,
412242000000000000,49.407858,50.106454,66.0,461.8,7.8,7.8,      ,      ,      ,
413470000000000000,52.945679,48.249138,-7.4,-6.9,5.2,5.2,17.042,0.186,15.925,0.219
506068000000000000,52.462946,52.30946,-8.3,3.0,5.8,5.8,      ,      ,      ,
510173000000000000,55.907919,49.075134,-1.6,-5.3,5.9,5.9,      ,      ,      ,
411182000000000000,49.660967,47.063445,-1.6,-3.9,4.5,4.5,15.918,0.082,15.159,0.14
412596000000000000,51.570136,48.729631,-3.6,-9.0,7.8,7.8,      ,      ,      ,
409099000000000000,48.020583,50.539557,-81.5,302.2,6.9,6.9,      ,      ,      ,
413435000000000000,52.580485,48.094357,-10.8,0.4,4.2,4.2,16.371,0.139,14.97,
410056000000000000,47.06719,48.539078,-0.1,4.1,5.5,5.5,      ,      ,      ,
410286000000000000,47.64404,48.260589,-4.8,2.2,6.9,6.9,      ,      ,      ,
412246000000000000,49.625553,49.94346,-1.0,-12.8,4.1,4.1,15.645,0.066,14.664,0.095
409096000000000000,48.107723,50.476449,0.1,-1.9,4.8,4.8,16.03,0.083,15.658,0.187
409756000000000000,50.453075,51.752379,-3.7,1.7,5.9,5.9,      ,      ,      ,
412389000000000000,50.152043,48.993944,-1.0,-2.0,7.1,7.1,      ,      ,      ,
412293000000000000,49.665633,49.90843,2.4,-10.0,7.6,7.6,      ,      ,      ,
413787000000000000,52.7795,48.719522,-3.2,13.0,7.8,7.8,      ,      ,      ,
410824000000000000,48.954954,48.938573,6.7,-3.2,4.7,4.7,16.251,0.113,15.408,0.196
411825000000000000,51.028078,46.926986,-54.4,47.0,7.4,7.4,      ,      ,      ,
409538000000000000,49.467042,52.306806,-0.3,0.1,8.1,8.1,      ,      ,      ,
505836000000000000,50.702235,51.826761,-3.7,-5.8,5.9,5.9,      ,      ,      ,
410597000000000000,48.522877,49.65048,-1.2,-1.1,4.7,4.7,15.669,0.066,15.448,0.171
407378000000000000,46.249756,49.718879,6.7,-6.3,9.0,9.0,      ,      ,      ,
409250000000000000,49.071536,50.727383,5.5,1.9,5.1,5.1,16.323,0.131,15.922,
412030000000000000,52.306938,46.710426,-2.6,-1.9,4.2,4.2,15.307,0.043,14.961,0.116
407555000000000000,47.438188,50.109616,6.3,8.6,5.8,5.8,16.014,0.073,15.252,0.149
413550000000000000,52.943678,47.576107,-1.1,-6.9,4.1,4.1,14.34,0.03,13.678,0.043
413750000000000000,54.254629,47.624044,-7.0,11.5,7.7,7.7,      ,      ,      ,
413648000000000000,53.234796,47.688752,-2.7,-2.6,5.7,5.7,      ,      ,      ,
505784000000000000,51.045462,53.018484,1.9,5.9,4.8,4.8,16.109,0.1,15.49,0.203
505813000000000000,50.160137,52.105714,-1.4,7.2,4.6,4.6,16.421,0.107,15.434,0.157
413133000000000000,53.161992,50.071136,-479.2,243.2,8.1,8.1,      ,      ,      ,
413364000000000000,51.889918,48.518211,2.7,-1.9,4.0,4.0,14.862,0.043,14.186,0.062
412885000000000000,51.999243,50.296213,3.7,-4.2,5.9,5.9,      ,      ,      ,
509101000000000000,53.075959,51.588335,-0.9,-3.0,4.2,4.2,15.549,0.055,14.936,0.089
413696000000000000,53.944841,47.893794,-0.9,0.7,4.2,4.2,15.098,0.047,14.322,0.066
506388000000000000,52.302892,52.798835,-4.8,7.4,4.6,4.6,15.925,0.085,15.291,0.156
410282000000000000,47.923519,47.905885,-21.7,4.2,7.0,7.0,      ,      ,      ,
509863000000000000,55.92976,50.642531,-2.4,-8.1,4.6,4.6,16.567,0.141,15.446,
413238000000000000,51.545389,48.094377,-2.0,-5.7,4.9,4.9,16.108,0.112,15.545,0.205
509689000000000000,55.134498,51.759614,-296.4,343.1,8.1,8.1,      ,      ,      ,
506406000000000000,52.701224,52.594358,2.0,17.3,4.2,4.2,15.514,0.119,14.819,0.106
505764000000000000,50.754499,52.678129,-2.6,-4.8,5.8,5.8,      ,      ,      ,
413430000000000000,52.542344,48.245809,-0.9,-2.2,5.4,5.4,16.325,0.137,16.359,
509148000000000000,53.686837,51.083098,-0.3,-9.0,5.9,5.9,16.646,0.139,15.222,
409503000000000000,49.061205,52.112818,2.3,2.7,7.3,7.3,      ,      ,      ,
414271000000000000,55.223634,48.12455,-3.5,-0.6,5.7,5.7,      ,      ,      ,
409429000000000000,48.307952,52.258772,-6.6,-6.5,6.3,6.3,16.886,0.155,15.624,0.185
505849000000000000,50.597859,52.367418,12.9,38.5,5.5,5.5,14.769,0.038,13.975,0.058
413348000000000000,51.621206,48.738987,2.6,-1.8,4.1,4.1,14.721,0.036,14.084,0.061
409756000000000000,50.506274,51.807945,26.6,-14.5,6.3,6.3,16.738,0.148,15.635,0.207
412571000000000000,51.551602,49.389034,3.8,-7.5,5.9,5.9,      ,      ,      ,
413872000000000000,53.774984,48.439024,-4.1,-3.8,5.9,5.9,      ,      ,      ,
408936000000000000,47.364443,51.132485,-17.4,-2.3,9.1,9.1,      ,      ,      ,
510225000000000000,55.906869,50.081726,-7.8,0.4,7.4,7.4,      ,      ,      ,
413786000000000000,52.638182,48.807037,10.3,8.8,6.6,6.6,      ,      ,      ,
413719000000000000,53.835319,47.306351,5.9,2.9,4.1,4.1,15.689,0.06,14.624,0.088
412080000000000000,48.087577,49.917763,2.2,4.1,7.8,7.8,      ,      ,      ,
410723000000000000,48.773793,48.66118,5.1,-0.8,4.0,4.0,14.248,0.032,13.73,0.047
410332000000000000,48.201612,47.917866,-307.8,213.1,6.9,6.9,      ,      ,      ,
413868000000000000,53.638035,48.500749,-15.8,13.5,4.2,4.2,15.728,0.066,15,
409433000000000000,48.248846,52.541455,1.5,-4.4,4.2,4.2,15.426,0.05,14.816,0.094
413978000000000000,54.446094,49.209666,-3.6,1.3,7.4,7.4,      ,      ,      ,
412189000000000000,49.406177,49.679946,20.5,6.1,5.5,5.5,15.336,0.051,14.388,0.07
509127000000000000,53.222634,51.270451,3.5,5.4,5.3,5.3,16.682,0.146,16.082,
411676000000000000,50.373661,47.880404,-0.3,-3.4,5.1,5.1,16.062,0.101,15.751,0.295
412538000000000000,50.801218,49.576656,7.7,-13.1,4.6,4.6,16.25,0.109,15.24,0.146
510359000000000000,55.936115,49.003078,-5.2,1.2,5.9,5.9,      ,      ,      ,
510107000000000000,54.930098,49.185699,-2.0,-4.5,5.9,5.9,      ,      ,      ,
412773000000000000,51.463729,50.171155,-4.9,5.6,5.9,5.9,      ,      ,      ,
407544000000000000,47.119145,50.2172,1.3,-0.9,4.2,4.2,16.107,0.081,14.958,0.103
412955000000000000,51.802864,49.576731,0.6,-2.4,5.9,5.9,      ,      ,      ,
410148000000000000,47.030427,47.967745,-4.9,2.1,5.5,5.5,      ,      ,      ,
505813000000000000,50.054612,52.211607,-3.0,-0.3,3.9,3.9,12.304,0.024,11.672,0.019
413719000000000000,53.843744,47.287326,-0.6,-1.0,5.5,5.5,15.113,0.051,14.596,0.086
410585000000000000,48.085148,49.57672,1.9,-0.9,4.0,4.0,14.686,0.032,14.212,0.045
413479000000000000,53.148689,48.311845,-6.2,-5.3,9.3,9.3,      ,      ,      ,
411742000000000000,51.115124,47.598243,2.6,-11.3,4.0,4.0,14.177,0.029,13.549,0.042
510335000000000000,55.684737,48.644895,7.2,-3.1,5.7,5.7,16.41,0.119,15.067,0.142
411162000000000000,49.663493,47.324106,3.4,-5.2,4.2,4.2,15.017,0.048,14.392,0.073
509359000000000000,54.419208,50.622909,-2.7,-10.7,5.9,5.9,      ,      ,      ,
411525000000000000,49.621112,47.647553,-3.8,5.2,5.6,5.6,      ,      ,      ,
411692000000000000,50.866564,47.863729,0.7,-32.0,6.7,6.7,16.413,0.13,15.738,
408816000000000000,46.670234,51.198509,-9.4,12.7,6.9,6.9,      ,      ,      ,
410172000000000000,47.402862,47.824267,-28.3,3.2,6.3,6.3,16.484,0.145,15.872,0.267
509898000000000000,55.735815,51.24507,-1.7,-4.5,4.2,4.2,15.226,0.057,14.636,0.089
412277000000000000,49.787817,50.140978,23.0,-64.6,6.4,6.4,16.447,0.146,15.544,
411581000000000000,50.216949,47.858468,-5.1,-3.3,4.2,4.2,15.83,0.078,14.912,0.125
414048000000000000,54.999361,48.881,-3.0,-0.2,7.4,7.4,      ,      ,      ,
412582000000000000,51.228551,49.113556,2.6,-15.2,5.0,5.0,16.211,0.118,15.628,
408944000000000000,47.483675,51.31899,-1.8,-4.8,6.5,6.5,16.728,0.153,16.236,
509462000000000000,55.335198,50.281416,-6.4,-4.2,4.9,4.9,16.157,0.096,15.542,
410905000000000000,49.831788,48.137025,-0.2,-4.5,4.2,4.2,15.21,0.046,14.681,0.091
509215000000000000,53.318686,50.358227,-3.2,-0.5,4.2,4.2,15.43,0.064,14.677,0.073
409779000000000000,50.443619,51.179027,-5.1,-4.2,5.1,5.1,16.132,0.089,15.894,0.231
411943000000000000,51.429367,47.184681,-1.4,-2.5,4.0,4.0,14.138,0.028,13.641,0.037
413427000000000000,52.518208,48.341934,-3.9,-1.4,4.0,4.0,14.768,0.041,14.103,0.06
412685000000000000,50.495347,50.693827,5.0,-3.8,8.1,8.1,      ,      ,      ,
409567000000000000,48.834147,51.218559,12.2,-12.7,4.3,4.3,15.766,0.086,15.022,0.129
410650000000000000,48.846447,49.475463,7.0,-8.2,7.8,7.8,      ,      ,      ,
411141000000000000,49.158781,47.675184,0.8,8.5,4.0,4.0,15.102,0.049,14.144,0.059
